{"v":"5.4.3","fr":30,"ip":0,"op":151,"w":800,"h":600,"nm":"Orbit","ddd":0,"assets":[{"id":"image_0","w":800,"h":600,"u":"images/","p":"img_0.png","e":0},{"id":"image_1","w":800,"h":600,"u":"images/","p":"img_1.png","e":0}],"layers":[{"ddd":0,"ind":1,"ty":3,"nm":"Null 3","sr":1,"ks":{"o":{"a":0,"k":0,"ix":11},"r":{"a":1,"k":[{"i":{"x":[0.833],"y":[0.833]},"o":{"x":[0.167],"y":[0.167]},"n":["0p833_0p833_0p167_0p167"],"t":0,"s":[0],"e":[30]},{"t":25}],"ix":10,"x":"var $bm_rt;\n$bm_rt = loopOut('continue');"},"p":{"a":0,"k":[400,300,0],"ix":2},"a":{"a":0,"k":[0,0,0],"ix":1},"s":{"a":1,"k":[{"i":{"x":[0.833,0.833,0.833],"y":[0.833,0.833,-2.333]},"o":{"x":[0.333,0.333,0.333],"y":[0,0,0]},"n":["0p833_0p833_0p333_0","0p833_0p833_0p333_0","0p833_-2p333_0p333_0"],"t":2,"s":[80,80,100],"e":[100,100,100]},{"i":{"x":[0.833,0.833,0.833],"y":[1,1,1]},"o":{"x":[0.167,0.167,0.167],"y":[0,0,0]},"n":["0p833_1_0p167_0","0p833_1_0p167_0","0p833_1_0p167_0"],"t":13,"s":[100,100,100],"e":[100,100,100]},{"i":{"x":[0.354,0.354,0.833],"y":[1,1,1]},"o":{"x":[0.167,0.167,0.167],"y":[0,0,0]},"n":["0p354_1_0p167_0","0p354_1_0p167_0","0p833_1_0p167_0"],"t":121,"s":[100,100,100],"e":[110,110,100]},{"i":{"x":[1,1,0.833],"y":[1,1,1]},"o":{"x":[0.598,0.598,0.167],"y":[0,0,0]},"n":["1_1_0p598_0","1_1_0p598_0","0p833_1_0p167_0"],"t":127,"s":[110,110,100],"e":[100,100,100]},{"t":133}],"ix":6,"x":"var $bm_rt;\nvar amp, freq, decay, n, n, t, t, v;\ntry {\n    amp = div(effect('Elastic Controller Scale')(1), 200);\n    freq = div(effect('Elastic Controller Scale')(2), 30);\n    decay = div(effect('Elastic Controller Scale')(3), 10);\n    $bm_rt = n = 0;\n    if (numKeys > 0) {\n        $bm_rt = n = nearestKey(time).index;\n        if (key(n).time > time) {\n            n--;\n        }\n    }\n    if (n == 0) {\n        $bm_rt = t = 0;\n    } else {\n        $bm_rt = t = sub(time, key(n).time);\n    }\n    if (n > 0) {\n        v = velocityAtTime(sub(key(n).time, div(thisComp.frameDuration, 10)));\n        $bm_rt = sum(value, div(mul(mul(v, amp), Math.sin(mul(mul(mul(freq, t), 2), Math.PI))), Math.exp(mul(decay, t))));\n    } else {\n        $bm_rt = value;\n    }\n} catch (e$$4) {\n    $bm_rt = value = value;\n}"}},"ao":0,"ef":[{"ty":5,"nm":"Elastic Controller Scale","np":5,"mn":"Pseudo/MDS Elastic Controller","ix":1,"en":1,"ef":[{"ty":0,"nm":"Amplitude","mn":"Pseudo/MDS Elastic Controller-0001","ix":1,"v":{"a":0,"k":20,"ix":1}},{"ty":0,"nm":"Frequency","mn":"Pseudo/MDS Elastic Controller-0002","ix":2,"v":{"a":0,"k":40,"ix":2}},{"ty":0,"nm":"Decay","mn":"Pseudo/MDS Elastic Controller-0003","ix":3,"v":{"a":0,"k":60,"ix":3}}]}],"ip":0,"op":270,"st":0,"bm":0},{"ddd":0,"ind":2,"ty":4,"nm":"Group 3","parent":1,"sr":1,"ks":{"o":{"a":1,"k":[{"i":{"x":[0.667],"y":[1]},"o":{"x":[0.333],"y":[0]},"n":["0p667_1_0p333_0"],"t":38,"s":[0],"e":[10]},{"i":{"x":[0.83],"y":[1]},"o":{"x":[0.17],"y":[0]},"n":["0p83_1_0p17_0"],"t":57,"s":[10],"e":[10]},{"i":{"x":[0.691],"y":[1]},"o":{"x":[0.333],"y":[0]},"n":["0p691_1_0p333_0"],"t":109,"s":[10],"e":[0]},{"t":128}],"ix":11},"r":{"a":0,"k":-115.933,"ix":10},"p":{"a":0,"k":[236.097,10.902,0],"ix":2},"a":{"a":0,"k":[180.24,413.407,0],"ix":1},"s":{"a":0,"k":[150,150,100],"ix":6}},"ao":0,"shapes":[{"ty":"gr","it":[{"ind":0,"ty":"sh","ix":1,"ks":{"a":0,"k":{"i":[[0,0],[-7.758,-0.361],[0,0]],"o":[[0.361,7.758],[0,0],[0,0]],"v":[[-7.174,-7.191],[7.191,7.174],[7.191,-7.191]],"c":true},"ix":2},"nm":"Path 1","mn":"ADBE Vector Shape - Group","hd":false},{"ind":1,"ty":"sh","ix":2,"ks":{"a":0,"k":{"i":[[0,0],[0,0],[0,9.103],[0,0],[0,0]],"o":[[0,0],[-9.102,0],[0,0],[0,0],[0,0]],"v":[[8.608,8.608],[7.9,8.608],[-8.608,-7.9],[-8.608,-8.609],[8.608,-8.609]],"c":true},"ix":2},"nm":"Path 2","mn":"ADBE Vector Shape - Group","hd":false},{"ty":"mm","mm":1,"nm":"Merge Paths 1","mn":"ADBE Vector Filter - Merge","hd":false},{"ty":"mm","mm":4,"nm":"Merge Paths 2","mn":"ADBE Vector Filter - Merge","hd":false},{"ty":"fl","c":{"a":0,"k":[0.243000000598,0.144999994016,0.698000021542,1],"ix":4},"o":{"a":0,"k":100,"ix":5},"r":1,"bm":0,"nm":"Fill 1","mn":"ADBE Vector Graphic - Fill","hd":false},{"ty":"tr","p":{"a":0,"k":[180.241,413.407],"ix":2},"a":{"a":0,"k":[0,0],"ix":1},"s":{"a":0,"k":[100,100],"ix":3},"r":{"a":0,"k":0,"ix":6},"o":{"a":0,"k":100,"ix":7},"sk":{"a":0,"k":0,"ix":4},"sa":{"a":0,"k":0,"ix":5},"nm":"Transform"}],"nm":"Group 3","np":5,"cix":2,"bm":0,"ix":1,"mn":"ADBE Vector Group","hd":false}],"ip":0,"op":156,"st":-36,"bm":0},{"ddd":0,"ind":3,"ty":4,"nm":"Group 2","parent":1,"sr":1,"ks":{"o":{"a":1,"k":[{"i":{"x":[0.667],"y":[1]},"o":{"x":[0.333],"y":[0]},"n":["0p667_1_0p333_0"],"t":17,"s":[0],"e":[10]},{"i":{"x":[0.832],"y":[1]},"o":{"x":[0.168],"y":[0]},"n":["0p832_1_0p168_0"],"t":36,"s":[10],"e":[10]},{"i":{"x":[0.685],"y":[1]},"o":{"x":[0.333],"y":[0]},"n":["0p685_1_0p333_0"],"t":121,"s":[10],"e":[0]},{"t":140}],"ix":11},"r":{"a":0,"k":-115.933,"ix":10},"p":{"a":0,"k":[-171.527,-180.009,0],"ix":2},"a":{"a":0,"k":[444.683,243.143,0],"ix":1},"s":{"a":0,"k":[150,150,100],"ix":6}},"ao":0,"shapes":[{"ty":"gr","it":[{"ind":0,"ty":"sh","ix":1,"ks":{"a":0,"k":{"i":[[0,0],[0,0],[2.878,3.097],[4.989,0.191]],"o":[[0,0],[-0.172,-4.51],[-3.184,-3.425],[0,0]],"v":[[-8.768,8.769],[8.754,8.769],[3.886,-2.935],[-8.768,-8.754]],"c":true},"ix":2},"nm":"Path 1","mn":"ADBE Vector Shape - Group","hd":false},{"ind":1,"ty":"sh","ix":2,"ks":{"a":0,"k":{"i":[[0,0],[0,0],[0,0],[0,0],[0,-10.842]],"o":[[0,0],[0,0],[0,0],[10.842,0],[0,0]],"v":[[10.186,10.186],[-10.186,10.186],[-10.186,-10.185],[-9.477,-10.185],[10.186,9.477]],"c":true},"ix":2},"nm":"Path 2","mn":"ADBE Vector Shape - Group","hd":false},{"ty":"mm","mm":1,"nm":"Merge Paths 1","mn":"ADBE Vector Filter - Merge","hd":false},{"ty":"mm","mm":4,"nm":"Merge Paths 2","mn":"ADBE Vector Filter - Merge","hd":false},{"ty":"fl","c":{"a":0,"k":[0.243000000598,0.144999994016,0.698000021542,1],"ix":4},"o":{"a":0,"k":100,"ix":5},"r":1,"bm":0,"nm":"Fill 1","mn":"ADBE Vector Graphic - Fill","hd":false},{"ty":"tr","p":{"a":0,"k":[444.683,243.143],"ix":2},"a":{"a":0,"k":[0,0],"ix":1},"s":{"a":0,"k":[100,100],"ix":3},"r":{"a":0,"k":0,"ix":6},"o":{"a":0,"k":100,"ix":7},"sk":{"a":0,"k":0,"ix":4},"sa":{"a":0,"k":0,"ix":5},"nm":"Transform"}],"nm":"Group 2","np":5,"cix":2,"bm":0,"ix":1,"mn":"ADBE Vector Group","hd":false}],"ip":0,"op":325,"st":0,"bm":0},{"ddd":0,"ind":4,"ty":4,"nm":"Group 1","parent":1,"sr":1,"ks":{"o":{"a":1,"k":[{"i":{"x":[0.667],"y":[1]},"o":{"x":[0.333],"y":[0]},"n":["0p667_1_0p333_0"],"t":26,"s":[0],"e":[50]},{"i":{"x":[0.831],"y":[1]},"o":{"x":[0.169],"y":[0]},"n":["0p831_1_0p169_0"],"t":45,"s":[50],"e":[50]},{"i":{"x":[0.687],"y":[1]},"o":{"x":[0.333],"y":[0]},"n":["0p687_1_0p333_0"],"t":120,"s":[50],"e":[0]},{"t":139}],"ix":11},"r":{"a":0,"k":-115.933,"ix":10},"p":{"a":0,"k":[-93.09,225.35,0],"ix":2},"a":{"a":0,"k":[146.34,233.709,0],"ix":1},"s":{"a":0,"k":[150,150,100],"ix":6}},"ao":0,"shapes":[{"ty":"gr","it":[{"ind":0,"ty":"sh","ix":1,"ks":{"a":0,"k":{"i":[[4.811,0],[0,-4.811],[-4.811,0],[0,4.811]],"o":[[-4.811,0],[0,4.811],[4.811,0],[0,-4.811]],"v":[[0,-8.725],[-8.725,0],[0,8.725],[8.725,0]],"c":true},"ix":2},"nm":"Path 1","mn":"ADBE Vector Shape - Group","hd":false},{"ind":1,"ty":"sh","ix":2,"ks":{"a":0,"k":{"i":[[5.592,0],[0,5.592],[-5.592,0],[0,-5.592]],"o":[[-5.592,0],[0,-5.592],[5.592,0],[0,5.592]],"v":[[0,10.142],[-10.142,0],[0,-10.142],[10.142,0]],"c":true},"ix":2},"nm":"Path 2","mn":"ADBE Vector Shape - Group","hd":false},{"ty":"mm","mm":1,"nm":"Merge Paths 1","mn":"ADBE Vector Filter - Merge","hd":false},{"ty":"mm","mm":4,"nm":"Merge Paths 2","mn":"ADBE Vector Filter - Merge","hd":false},{"ty":"fl","c":{"a":0,"k":[0.886274576187,0.870588302612,0.95294123888,1],"ix":4},"o":{"a":0,"k":100,"ix":5},"r":1,"bm":0,"nm":"Fill 1","mn":"ADBE Vector Graphic - Fill","hd":false},{"ty":"tr","p":{"a":0,"k":[146.34,233.709],"ix":2},"a":{"a":0,"k":[0,0],"ix":1},"s":{"a":0,"k":[100,100],"ix":3},"r":{"a":0,"k":0,"ix":6},"o":{"a":0,"k":100,"ix":7},"sk":{"a":0,"k":0,"ix":4},"sa":{"a":0,"k":0,"ix":5},"nm":"Transform"}],"nm":"Group 1","np":5,"cix":2,"bm":0,"ix":1,"mn":"ADBE Vector Group","hd":false}],"ip":0,"op":256,"st":-15,"bm":0},{"ddd":0,"ind":5,"ty":2,"nm":"Colored","hd":true,"refId":"image_0","sr":1,"ks":{"o":{"a":0,"k":100,"ix":11},"r":{"a":0,"k":0,"ix":10},"p":{"a":0,"k":[251.889,533.991,0],"ix":2},"a":{"a":0,"k":[400,300,0],"ix":1},"s":{"a":0,"k":[203,203,100],"ix":6}},"ao":0,"ip":0,"op":279,"st":0,"bm":0},{"ddd":0,"ind":6,"ty":2,"nm":"Orbits","hd":true,"refId":"image_1","sr":1,"ks":{"o":{"a":0,"k":100,"ix":11},"r":{"a":0,"k":0,"ix":10},"p":{"a":0,"k":[557.867,311.822,0],"ix":2},"a":{"a":0,"k":[400,300,0],"ix":1},"s":{"a":0,"k":[150,150,100],"ix":6}},"ao":0,"ip":0,"op":279,"st":0,"bm":0},{"ddd":0,"ind":7,"ty":4,"nm":"Circle 5","parent":16,"hd":true,"sr":1,"ks":{"o":{"a":0,"k":50,"ix":11},"r":{"a":0,"k":355,"ix":10},"p":{"a":0,"k":[294.755,292.118,0],"ix":2},"a":{"a":0,"k":[294.755,292.118,0],"ix":1},"s":{"a":0,"k":[93.797,93.797,100],"ix":6}},"ao":0,"shapes":[{"ty":"gr","it":[{"d":1,"ty":"el","s":{"a":0,"k":[81,81],"ix":2},"p":{"a":0,"k":[0,0],"ix":3},"nm":"Ellipse Path 1","mn":"ADBE Vector Shape - Ellipse","hd":false},{"ty":"tm","s":{"a":0,"k":2,"ix":1},"e":{"a":0,"k":61,"ix":2},"o":{"a":0,"k":-36,"ix":3},"m":1,"ix":2,"nm":"Trim Paths 1","mn":"ADBE Vector Filter - Trim","hd":false},{"ty":"st","c":{"a":0,"k":[0.243137270212,0.145098045468,0.698039233685,1],"ix":3},"o":{"a":0,"k":100,"ix":4},"w":{"a":0,"k":1.4,"ix":5},"lc":1,"lj":1,"ml":4,"ml2":{"a":0,"k":4,"ix":8},"bm":0,"nm":"Stroke 1","mn":"ADBE Vector Graphic - Stroke","hd":false},{"ty":"tr","p":{"a":0,"k":[294.813,292.271],"ix":2},"a":{"a":0,"k":[0,0],"ix":1},"s":{"a":0,"k":[100,100],"ix":3},"r":{"a":0,"k":0,"ix":6},"o":{"a":0,"k":100,"ix":7},"sk":{"a":0,"k":0,"ix":4},"sa":{"a":0,"k":0,"ix":5},"nm":"Transform"}],"nm":"Group 4","np":3,"cix":2,"bm":0,"ix":1,"mn":"ADBE Vector Group","hd":false},{"ty":"gr","it":[{"ty":"tr","p":{"a":0,"k":[0,0],"ix":2},"a":{"a":0,"k":[0,0],"ix":1},"s":{"a":0,"k":[100,100],"ix":3},"r":{"a":0,"k":0,"ix":6},"o":{"a":0,"k":100,"ix":7},"sk":{"a":0,"k":0,"ix":4},"sa":{"a":0,"k":0,"ix":5},"nm":"Transform"}],"nm":"Group 3","np":0,"cix":2,"bm":0,"ix":2,"mn":"ADBE Vector Group","hd":true},{"ty":"gr","it":[{"ind":0,"ty":"sh","ix":1,"ks":{"a":0,"k":{"i":[[0,-19.001],[19.001,0],[0,19.002],[-19.002,0]],"o":[[0,19.002],[-19.002,0],[0,-19.001],[19.001,0]],"v":[[34.405,0],[0,34.405],[-34.406,0],[0,-34.405]],"c":true},"ix":2},"nm":"Path 1","mn":"ADBE Vector Shape - Group","hd":true},{"ty":"fl","c":{"a":0,"k":[0.243000000598,0.144999994016,0.698000021542,1],"ix":4},"o":{"a":0,"k":100,"ix":5},"r":1,"bm":0,"nm":"Fill 1","mn":"ADBE Vector Graphic - Fill","hd":true},{"ty":"tr","p":{"a":0,"k":[294.755,292.118],"ix":2},"a":{"a":0,"k":[0,0],"ix":1},"s":{"a":0,"k":[100,100],"ix":3},"r":{"a":0,"k":0,"ix":6},"o":{"a":0,"k":100,"ix":7},"sk":{"a":0,"k":0,"ix":4},"sa":{"a":0,"k":0,"ix":5},"nm":"Transform"}],"nm":"Group 2","np":2,"cix":2,"bm":0,"ix":3,"mn":"ADBE Vector Group","hd":true},{"ty":"tm","s":{"a":1,"k":[{"i":{"x":[0.237],"y":[1]},"o":{"x":[0.333],"y":[0]},"n":["0p237_1_0p333_0"],"t":123.004,"s":[0],"e":[100]},{"t":149.00390625}],"ix":1},"e":{"a":1,"k":[{"i":{"x":[0.237],"y":[1]},"o":{"x":[0.333],"y":[0]},"n":["0p237_1_0p333_0"],"t":119,"s":[0],"e":[100]},{"t":145}],"ix":2},"o":{"a":0,"k":0,"ix":3},"m":1,"ix":4,"nm":"Trim Paths 1","mn":"ADBE Vector Filter - Trim","hd":false}],"ip":119,"op":352,"st":73,"bm":0},{"ddd":0,"ind":8,"ty":4,"nm":"Circle 4","parent":16,"hd":true,"sr":1,"ks":{"o":{"a":0,"k":50,"ix":11},"r":{"a":0,"k":178,"ix":10},"p":{"a":0,"k":[294.755,292.118,0],"ix":2},"a":{"a":0,"k":[294.755,292.118,0],"ix":1},"s":{"a":0,"k":[93.797,93.797,100],"ix":6}},"ao":0,"shapes":[{"ty":"gr","it":[{"d":1,"ty":"el","s":{"a":0,"k":[81,81],"ix":2},"p":{"a":0,"k":[0,0],"ix":3},"nm":"Ellipse Path 1","mn":"ADBE Vector Shape - Ellipse","hd":false},{"ty":"tm","s":{"a":0,"k":2,"ix":1},"e":{"a":0,"k":61,"ix":2},"o":{"a":0,"k":-36,"ix":3},"m":1,"ix":2,"nm":"Trim Paths 1","mn":"ADBE Vector Filter - Trim","hd":false},{"ty":"st","c":{"a":0,"k":[0.243137270212,0.145098045468,0.698039233685,1],"ix":3},"o":{"a":0,"k":100,"ix":4},"w":{"a":0,"k":1.4,"ix":5},"lc":1,"lj":1,"ml":4,"ml2":{"a":0,"k":4,"ix":8},"bm":0,"nm":"Stroke 1","mn":"ADBE Vector Graphic - Stroke","hd":false},{"ty":"tr","p":{"a":0,"k":[294.813,292.271],"ix":2},"a":{"a":0,"k":[0,0],"ix":1},"s":{"a":0,"k":[100,100],"ix":3},"r":{"a":0,"k":0,"ix":6},"o":{"a":0,"k":100,"ix":7},"sk":{"a":0,"k":0,"ix":4},"sa":{"a":0,"k":0,"ix":5},"nm":"Transform"}],"nm":"Group 4","np":3,"cix":2,"bm":0,"ix":1,"mn":"ADBE Vector Group","hd":false},{"ty":"gr","it":[{"ty":"tr","p":{"a":0,"k":[0,0],"ix":2},"a":{"a":0,"k":[0,0],"ix":1},"s":{"a":0,"k":[100,100],"ix":3},"r":{"a":0,"k":0,"ix":6},"o":{"a":0,"k":100,"ix":7},"sk":{"a":0,"k":0,"ix":4},"sa":{"a":0,"k":0,"ix":5},"nm":"Transform"}],"nm":"Group 3","np":0,"cix":2,"bm":0,"ix":2,"mn":"ADBE Vector Group","hd":true},{"ty":"gr","it":[{"ind":0,"ty":"sh","ix":1,"ks":{"a":0,"k":{"i":[[0,-19.001],[19.001,0],[0,19.002],[-19.002,0]],"o":[[0,19.002],[-19.002,0],[0,-19.001],[19.001,0]],"v":[[34.405,0],[0,34.405],[-34.406,0],[0,-34.405]],"c":true},"ix":2},"nm":"Path 1","mn":"ADBE Vector Shape - Group","hd":true},{"ty":"fl","c":{"a":0,"k":[0.243000000598,0.144999994016,0.698000021542,1],"ix":4},"o":{"a":0,"k":100,"ix":5},"r":1,"bm":0,"nm":"Fill 1","mn":"ADBE Vector Graphic - Fill","hd":true},{"ty":"tr","p":{"a":0,"k":[294.755,292.118],"ix":2},"a":{"a":0,"k":[0,0],"ix":1},"s":{"a":0,"k":[100,100],"ix":3},"r":{"a":0,"k":0,"ix":6},"o":{"a":0,"k":100,"ix":7},"sk":{"a":0,"k":0,"ix":4},"sa":{"a":0,"k":0,"ix":5},"nm":"Transform"}],"nm":"Group 2","np":2,"cix":2,"bm":0,"ix":3,"mn":"ADBE Vector Group","hd":true},{"ty":"tm","s":{"a":1,"k":[{"i":{"x":[0.237],"y":[1]},"o":{"x":[0.333],"y":[0]},"n":["0p237_1_0p333_0"],"t":122.004,"s":[0],"e":[100]},{"t":148.00390625}],"ix":1},"e":{"a":1,"k":[{"i":{"x":[0.237],"y":[1]},"o":{"x":[0.333],"y":[0]},"n":["0p237_1_0p333_0"],"t":118,"s":[0],"e":[100]},{"t":144}],"ix":2},"o":{"a":0,"k":0,"ix":3},"m":1,"ix":4,"nm":"Trim Paths 1","mn":"ADBE Vector Filter - Trim","hd":false}],"ip":118,"op":351,"st":72,"bm":0},{"ddd":0,"ind":9,"ty":4,"nm":"Circle 7","parent":16,"sr":1,"ks":{"o":{"a":0,"k":50,"ix":11},"r":{"a":0,"k":236,"ix":10},"p":{"a":0,"k":[294.755,292.118,0],"ix":2},"a":{"a":0,"k":[294.755,292.118,0],"ix":1},"s":{"a":0,"k":[93.797,93.797,100],"ix":6}},"ao":0,"shapes":[{"ty":"gr","it":[{"d":1,"ty":"el","s":{"a":0,"k":[81,81],"ix":2},"p":{"a":0,"k":[0,0],"ix":3},"nm":"Ellipse Path 1","mn":"ADBE Vector Shape - Ellipse","hd":false},{"ty":"tm","s":{"a":0,"k":33,"ix":1},"e":{"a":0,"k":61,"ix":2},"o":{"a":0,"k":-36,"ix":3},"m":1,"ix":2,"nm":"Trim Paths 1","mn":"ADBE Vector Filter - Trim","hd":false},{"ty":"st","c":{"a":0,"k":[0.243137270212,0.145098045468,0.698039233685,1],"ix":3},"o":{"a":0,"k":100,"ix":4},"w":{"a":0,"k":2,"ix":5},"lc":1,"lj":1,"ml":4,"ml2":{"a":0,"k":4,"ix":8},"bm":0,"nm":"Stroke 1","mn":"ADBE Vector Graphic - Stroke","hd":false},{"ty":"tr","p":{"a":0,"k":[294.813,292.271],"ix":2},"a":{"a":0,"k":[0,0],"ix":1},"s":{"a":0,"k":[100,100],"ix":3},"r":{"a":0,"k":0,"ix":6},"o":{"a":0,"k":100,"ix":7},"sk":{"a":0,"k":0,"ix":4},"sa":{"a":0,"k":0,"ix":5},"nm":"Transform"}],"nm":"Group 4","np":3,"cix":2,"bm":0,"ix":1,"mn":"ADBE Vector Group","hd":false},{"ty":"gr","it":[{"ty":"tr","p":{"a":0,"k":[0,0],"ix":2},"a":{"a":0,"k":[0,0],"ix":1},"s":{"a":0,"k":[100,100],"ix":3},"r":{"a":0,"k":0,"ix":6},"o":{"a":0,"k":100,"ix":7},"sk":{"a":0,"k":0,"ix":4},"sa":{"a":0,"k":0,"ix":5},"nm":"Transform"}],"nm":"Group 3","np":0,"cix":2,"bm":0,"ix":2,"mn":"ADBE Vector Group","hd":true},{"ty":"gr","it":[{"ind":0,"ty":"sh","ix":1,"ks":{"a":0,"k":{"i":[[0,-19.001],[19.001,0],[0,19.002],[-19.002,0]],"o":[[0,19.002],[-19.002,0],[0,-19.001],[19.001,0]],"v":[[34.405,0],[0,34.405],[-34.406,0],[0,-34.405]],"c":true},"ix":2},"nm":"Path 1","mn":"ADBE Vector Shape - Group","hd":true},{"ty":"fl","c":{"a":0,"k":[0.243000000598,0.144999994016,0.698000021542,1],"ix":4},"o":{"a":0,"k":100,"ix":5},"r":1,"bm":0,"nm":"Fill 1","mn":"ADBE Vector Graphic - Fill","hd":true},{"ty":"tr","p":{"a":0,"k":[294.755,292.118],"ix":2},"a":{"a":0,"k":[0,0],"ix":1},"s":{"a":0,"k":[100,100],"ix":3},"r":{"a":0,"k":0,"ix":6},"o":{"a":0,"k":100,"ix":7},"sk":{"a":0,"k":0,"ix":4},"sa":{"a":0,"k":0,"ix":5},"nm":"Transform"}],"nm":"Group 2","np":2,"cix":2,"bm":0,"ix":3,"mn":"ADBE Vector Group","hd":true},{"ty":"tm","s":{"a":1,"k":[{"i":{"x":[0.237],"y":[1]},"o":{"x":[0.333],"y":[0]},"n":["0p237_1_0p333_0"],"t":7.004,"s":[0],"e":[100]},{"t":26.00390625}],"ix":1},"e":{"a":1,"k":[{"i":{"x":[0.237],"y":[1]},"o":{"x":[0.333],"y":[0]},"n":["0p237_1_0p333_0"],"t":3,"s":[0],"e":[100]},{"t":22}],"ix":2},"o":{"a":0,"k":0,"ix":3},"m":1,"ix":4,"nm":"Trim Paths 1","mn":"ADBE Vector Filter - Trim","hd":false}],"ip":3,"op":236,"st":-43,"bm":0},{"ddd":0,"ind":10,"ty":4,"nm":"Circle 6","parent":16,"sr":1,"ks":{"o":{"a":0,"k":50,"ix":11},"r":{"a":0,"k":59,"ix":10},"p":{"a":0,"k":[294.755,292.118,0],"ix":2},"a":{"a":0,"k":[294.755,292.118,0],"ix":1},"s":{"a":0,"k":[93.797,93.797,100],"ix":6}},"ao":0,"shapes":[{"ty":"gr","it":[{"d":1,"ty":"el","s":{"a":0,"k":[81,81],"ix":2},"p":{"a":0,"k":[0,0],"ix":3},"nm":"Ellipse Path 1","mn":"ADBE Vector Shape - Ellipse","hd":false},{"ty":"tm","s":{"a":0,"k":33,"ix":1},"e":{"a":0,"k":61,"ix":2},"o":{"a":0,"k":-36,"ix":3},"m":1,"ix":2,"nm":"Trim Paths 1","mn":"ADBE Vector Filter - Trim","hd":false},{"ty":"st","c":{"a":0,"k":[0.243137270212,0.145098045468,0.698039233685,1],"ix":3},"o":{"a":0,"k":100,"ix":4},"w":{"a":0,"k":2,"ix":5},"lc":1,"lj":1,"ml":4,"ml2":{"a":0,"k":4,"ix":8},"bm":0,"nm":"Stroke 1","mn":"ADBE Vector Graphic - Stroke","hd":false},{"ty":"tr","p":{"a":0,"k":[294.813,292.271],"ix":2},"a":{"a":0,"k":[0,0],"ix":1},"s":{"a":0,"k":[100,100],"ix":3},"r":{"a":0,"k":0,"ix":6},"o":{"a":0,"k":100,"ix":7},"sk":{"a":0,"k":0,"ix":4},"sa":{"a":0,"k":0,"ix":5},"nm":"Transform"}],"nm":"Group 4","np":3,"cix":2,"bm":0,"ix":1,"mn":"ADBE Vector Group","hd":false},{"ty":"gr","it":[{"ty":"tr","p":{"a":0,"k":[0,0],"ix":2},"a":{"a":0,"k":[0,0],"ix":1},"s":{"a":0,"k":[100,100],"ix":3},"r":{"a":0,"k":0,"ix":6},"o":{"a":0,"k":100,"ix":7},"sk":{"a":0,"k":0,"ix":4},"sa":{"a":0,"k":0,"ix":5},"nm":"Transform"}],"nm":"Group 3","np":0,"cix":2,"bm":0,"ix":2,"mn":"ADBE Vector Group","hd":true},{"ty":"gr","it":[{"ind":0,"ty":"sh","ix":1,"ks":{"a":0,"k":{"i":[[0,-19.001],[19.001,0],[0,19.002],[-19.002,0]],"o":[[0,19.002],[-19.002,0],[0,-19.001],[19.001,0]],"v":[[34.405,0],[0,34.405],[-34.406,0],[0,-34.405]],"c":true},"ix":2},"nm":"Path 1","mn":"ADBE Vector Shape - Group","hd":true},{"ty":"fl","c":{"a":0,"k":[0.243000000598,0.144999994016,0.698000021542,1],"ix":4},"o":{"a":0,"k":100,"ix":5},"r":1,"bm":0,"nm":"Fill 1","mn":"ADBE Vector Graphic - Fill","hd":true},{"ty":"tr","p":{"a":0,"k":[294.755,292.118],"ix":2},"a":{"a":0,"k":[0,0],"ix":1},"s":{"a":0,"k":[100,100],"ix":3},"r":{"a":0,"k":0,"ix":6},"o":{"a":0,"k":100,"ix":7},"sk":{"a":0,"k":0,"ix":4},"sa":{"a":0,"k":0,"ix":5},"nm":"Transform"}],"nm":"Group 2","np":2,"cix":2,"bm":0,"ix":3,"mn":"ADBE Vector Group","hd":true},{"ty":"tm","s":{"a":1,"k":[{"i":{"x":[0.237],"y":[1]},"o":{"x":[0.333],"y":[0]},"n":["0p237_1_0p333_0"],"t":6.004,"s":[0],"e":[100]},{"t":25.00390625}],"ix":1},"e":{"a":1,"k":[{"i":{"x":[0.237],"y":[1]},"o":{"x":[0.333],"y":[0]},"n":["0p237_1_0p333_0"],"t":2,"s":[0],"e":[100]},{"t":21}],"ix":2},"o":{"a":0,"k":0,"ix":3},"m":1,"ix":4,"nm":"Trim Paths 1","mn":"ADBE Vector Filter - Trim","hd":false}],"ip":2,"op":235,"st":-44,"bm":0},{"ddd":0,"ind":11,"ty":3,"nm":"Null 2","sr":1,"ks":{"o":{"a":0,"k":0,"ix":11},"r":{"a":0,"k":0,"ix":10},"p":{"a":0,"k":[400,300,0],"ix":2},"a":{"a":0,"k":[0,0,0],"ix":1},"s":{"a":1,"k":[{"i":{"x":[0.999,0.999,0.562],"y":[0.998,0.998,1]},"o":{"x":[0.737,0.737,0.191],"y":[0,0,0]},"n":["0p999_0p998_0p737_0","0p999_0p998_0p737_0","0p562_1_0p191_0"],"t":0,"s":[110,110,100],"e":[100,100,100]},{"i":{"x":[0.833,0.833,0.833],"y":[1,1,1]},"o":{"x":[0.38,0.38,0.312],"y":[0,0,0]},"n":["0p833_1_0p38_0","0p833_1_0p38_0","0p833_1_0p312_0"],"t":11,"s":[100,100,100],"e":[100,100,100]},{"i":{"x":[0.246,0.246,0.833],"y":[1.012,1.012,1]},"o":{"x":[0.649,0.649,0.431],"y":[0,0,0]},"n":["0p246_1p012_0p649_0","0p246_1p012_0p649_0","0p833_1_0p431_0"],"t":119,"s":[100,100,100],"e":[120,120,100]},{"i":{"x":[0.76,0.76,0.833],"y":[0.648,0.648,1]},"o":{"x":[0.81,0.81,0.167],"y":[0,0,0]},"n":["0p76_0p648_0p81_0","0p76_0p648_0p81_0","0p833_1_0p167_0"],"t":125,"s":[120,120,100],"e":[110,110,100]},{"t":131}],"ix":6,"x":"var $bm_rt;\nvar amp, freq, decay, n, n, t, t, v;\ntry {\n    amp = div(effect('Elastic Controller Scale')(1), 200);\n    freq = div(effect('Elastic Controller Scale')(2), 30);\n    decay = div(effect('Elastic Controller Scale')(3), 10);\n    $bm_rt = n = 0;\n    if (numKeys > 0) {\n        $bm_rt = n = nearestKey(time).index;\n        if (key(n).time > time) {\n            n--;\n        }\n    }\n    if (n == 0) {\n        $bm_rt = t = 0;\n    } else {\n        $bm_rt = t = sub(time, key(n).time);\n    }\n    if (n > 0) {\n        v = velocityAtTime(sub(key(n).time, div(thisComp.frameDuration, 10)));\n        $bm_rt = sum(value, div(mul(mul(v, amp), Math.sin(mul(mul(mul(freq, t), 2), Math.PI))), Math.exp(mul(decay, t))));\n    } else {\n        $bm_rt = value;\n    }\n} catch (e$$4) {\n    $bm_rt = value = value;\n}"}},"ao":0,"ef":[{"ty":5,"nm":"Elastic Controller Scale","np":5,"mn":"Pseudo/MDS Elastic Controller","ix":1,"en":1,"ef":[{"ty":0,"nm":"Amplitude","mn":"Pseudo/MDS Elastic Controller-0001","ix":1,"v":{"a":0,"k":20,"ix":1}},{"ty":0,"nm":"Frequency","mn":"Pseudo/MDS Elastic Controller-0002","ix":2,"v":{"a":0,"k":40,"ix":2}},{"ty":0,"nm":"Decay","mn":"Pseudo/MDS Elastic Controller-0003","ix":3,"v":{"a":0,"k":60,"ix":3}}]},{"ty":5,"nm":"Elastic Controller Scale","np":5,"mn":"Pseudo/MDS Elastic Controller","ix":2,"en":1,"ef":[{"ty":0,"nm":"Amplitude","mn":"Pseudo/MDS Elastic Controller-0001","ix":1,"v":{"a":0,"k":20,"ix":1}},{"ty":0,"nm":"Frequency","mn":"Pseudo/MDS Elastic Controller-0002","ix":2,"v":{"a":0,"k":40,"ix":2}},{"ty":0,"nm":"Decay","mn":"Pseudo/MDS Elastic Controller-0003","ix":3,"v":{"a":0,"k":60,"ix":3}}]}],"ip":119,"op":313,"st":43,"bm":0},{"ddd":0,"ind":12,"ty":3,"nm":"Null 2","parent":11,"sr":1,"ks":{"o":{"a":0,"k":0,"ix":11},"r":{"a":0,"k":0,"ix":10},"p":{"a":0,"k":[0,0,0],"ix":2},"a":{"a":0,"k":[0,0,0],"ix":1},"s":{"a":1,"k":[{"i":{"x":[0.999,0.999,0.562],"y":[0.998,0.998,1]},"o":{"x":[0.737,0.737,0.191],"y":[0,0,0]},"n":["0p999_0p998_0p737_0","0p999_0p998_0p737_0","0p562_1_0p191_0"],"t":0,"s":[110,110,100],"e":[100,100,100]},{"i":{"x":[0.833,0.833,0.833],"y":[1,1,1]},"o":{"x":[0.38,0.38,0.312],"y":[0,0,0]},"n":["0p833_1_0p38_0","0p833_1_0p38_0","0p833_1_0p312_0"],"t":11,"s":[100,100,100],"e":[100,100,100]},{"i":{"x":[0.246,0.246,0.833],"y":[1.016,1.016,1]},"o":{"x":[0.649,0.649,0.431],"y":[0,0,0]},"n":["0p246_1p016_0p649_0","0p246_1p016_0p649_0","0p833_1_0p431_0"],"t":104,"s":[100,100,100],"e":[115,115,100]},{"i":{"x":[1,1,0.833],"y":[1,1,1]},"o":{"x":[0.451,0.451,0.167],"y":[0,0,0]},"n":["1_1_0p451_0","1_1_0p451_0","0p833_1_0p167_0"],"t":110,"s":[115,115,100],"e":[110,110,100]},{"t":114}],"ix":6,"x":"var $bm_rt;\nvar amp, freq, decay, n, n, t, t, v;\ntry {\n    amp = div(effect('Elastic Controller Scale')(1), 200);\n    freq = div(effect('Elastic Controller Scale')(2), 30);\n    decay = div(effect('Elastic Controller Scale')(3), 10);\n    $bm_rt = n = 0;\n    if (numKeys > 0) {\n        $bm_rt = n = nearestKey(time).index;\n        if (key(n).time > time) {\n            n--;\n        }\n    }\n    if (n == 0) {\n        $bm_rt = t = 0;\n    } else {\n        $bm_rt = t = sub(time, key(n).time);\n    }\n    if (n > 0) {\n        v = velocityAtTime(sub(key(n).time, div(thisComp.frameDuration, 10)));\n        $bm_rt = sum(value, div(mul(mul(v, amp), Math.sin(mul(mul(mul(freq, t), 2), Math.PI))), Math.exp(mul(decay, t))));\n    } else {\n        $bm_rt = value;\n    }\n} catch (e$$4) {\n    $bm_rt = value = value;\n}"}},"ao":0,"ef":[{"ty":5,"nm":"Elastic Controller Scale","np":5,"mn":"Pseudo/MDS Elastic Controller","ix":1,"en":1,"ef":[{"ty":0,"nm":"Amplitude","mn":"Pseudo/MDS Elastic Controller-0001","ix":1,"v":{"a":0,"k":20,"ix":1}},{"ty":0,"nm":"Frequency","mn":"Pseudo/MDS Elastic Controller-0002","ix":2,"v":{"a":0,"k":40,"ix":2}},{"ty":0,"nm":"Decay","mn":"Pseudo/MDS Elastic Controller-0003","ix":3,"v":{"a":0,"k":60,"ix":3}}]},{"ty":5,"nm":"Elastic Controller Scale","np":5,"mn":"Pseudo/MDS Elastic Controller","ix":2,"en":1,"ef":[{"ty":0,"nm":"Amplitude","mn":"Pseudo/MDS Elastic Controller-0001","ix":1,"v":{"a":0,"k":20,"ix":1}},{"ty":0,"nm":"Frequency","mn":"Pseudo/MDS Elastic Controller-0002","ix":2,"v":{"a":0,"k":40,"ix":2}},{"ty":0,"nm":"Decay","mn":"Pseudo/MDS Elastic Controller-0003","ix":3,"v":{"a":0,"k":60,"ix":3}}]}],"ip":104,"op":298,"st":28,"bm":0},{"ddd":0,"ind":13,"ty":3,"nm":"Null 2","parent":12,"sr":1,"ks":{"o":{"a":0,"k":0,"ix":11},"r":{"a":0,"k":0,"ix":10},"p":{"a":0,"k":[0,0,0],"ix":2},"a":{"a":0,"k":[0,0,0],"ix":1},"s":{"a":1,"k":[{"i":{"x":[0.999,0.999,0.562],"y":[0.998,0.998,1]},"o":{"x":[0.737,0.737,0.191],"y":[0,0,0]},"n":["0p999_0p998_0p737_0","0p999_0p998_0p737_0","0p562_1_0p191_0"],"t":0,"s":[110,110,100],"e":[100,100,100]},{"i":{"x":[0.833,0.833,0.833],"y":[1,1,1]},"o":{"x":[0.38,0.38,0.312],"y":[0,0,0]},"n":["0p833_1_0p38_0","0p833_1_0p38_0","0p833_1_0p312_0"],"t":11,"s":[100,100,100],"e":[100,100,100]},{"i":{"x":[0.246,0.246,0.833],"y":[1.016,1.016,1]},"o":{"x":[0.649,0.649,0.431],"y":[0,0,0]},"n":["0p246_1p016_0p649_0","0p246_1p016_0p649_0","0p833_1_0p431_0"],"t":89,"s":[100,100,100],"e":[115,115,100]},{"i":{"x":[1,1,0.833],"y":[1,1,1]},"o":{"x":[0.451,0.451,0.167],"y":[0,0,0]},"n":["1_1_0p451_0","1_1_0p451_0","0p833_1_0p167_0"],"t":95,"s":[115,115,100],"e":[110,110,100]},{"t":99}],"ix":6,"x":"var $bm_rt;\nvar amp, freq, decay, n, n, t, t, v;\ntry {\n    amp = div(effect('Elastic Controller Scale')(1), 200);\n    freq = div(effect('Elastic Controller Scale')(2), 30);\n    decay = div(effect('Elastic Controller Scale')(3), 10);\n    $bm_rt = n = 0;\n    if (numKeys > 0) {\n        $bm_rt = n = nearestKey(time).index;\n        if (key(n).time > time) {\n            n--;\n        }\n    }\n    if (n == 0) {\n        $bm_rt = t = 0;\n    } else {\n        $bm_rt = t = sub(time, key(n).time);\n    }\n    if (n > 0) {\n        v = velocityAtTime(sub(key(n).time, div(thisComp.frameDuration, 10)));\n        $bm_rt = sum(value, div(mul(mul(v, amp), Math.sin(mul(mul(mul(freq, t), 2), Math.PI))), Math.exp(mul(decay, t))));\n    } else {\n        $bm_rt = value;\n    }\n} catch (e$$4) {\n    $bm_rt = value = value;\n}"}},"ao":0,"ef":[{"ty":5,"nm":"Elastic Controller Scale","np":5,"mn":"Pseudo/MDS Elastic Controller","ix":1,"en":1,"ef":[{"ty":0,"nm":"Amplitude","mn":"Pseudo/MDS Elastic Controller-0001","ix":1,"v":{"a":0,"k":20,"ix":1}},{"ty":0,"nm":"Frequency","mn":"Pseudo/MDS Elastic Controller-0002","ix":2,"v":{"a":0,"k":40,"ix":2}},{"ty":0,"nm":"Decay","mn":"Pseudo/MDS Elastic Controller-0003","ix":3,"v":{"a":0,"k":60,"ix":3}}]},{"ty":5,"nm":"Elastic Controller Scale","np":5,"mn":"Pseudo/MDS Elastic Controller","ix":2,"en":1,"ef":[{"ty":0,"nm":"Amplitude","mn":"Pseudo/MDS Elastic Controller-0001","ix":1,"v":{"a":0,"k":20,"ix":1}},{"ty":0,"nm":"Frequency","mn":"Pseudo/MDS Elastic Controller-0002","ix":2,"v":{"a":0,"k":40,"ix":2}},{"ty":0,"nm":"Decay","mn":"Pseudo/MDS Elastic Controller-0003","ix":3,"v":{"a":0,"k":60,"ix":3}}]}],"ip":89,"op":283,"st":13,"bm":0},{"ddd":0,"ind":14,"ty":3,"nm":"Null 2","parent":13,"sr":1,"ks":{"o":{"a":0,"k":0,"ix":11},"r":{"a":0,"k":0,"ix":10},"p":{"a":0,"k":[0,0,0],"ix":2},"a":{"a":0,"k":[0,0,0],"ix":1},"s":{"a":1,"k":[{"i":{"x":[0.999,0.999,0.562],"y":[0.998,0.998,1]},"o":{"x":[0.737,0.737,0.191],"y":[0,0,0]},"n":["0p999_0p998_0p737_0","0p999_0p998_0p737_0","0p562_1_0p191_0"],"t":0,"s":[110,110,100],"e":[100,100,100]},{"i":{"x":[0.833,0.833,0.833],"y":[1,1,1]},"o":{"x":[0.38,0.38,0.312],"y":[0,0,0]},"n":["0p833_1_0p38_0","0p833_1_0p38_0","0p833_1_0p312_0"],"t":11,"s":[100,100,100],"e":[100,100,100]},{"i":{"x":[0.246,0.246,0.833],"y":[1.016,1.016,1]},"o":{"x":[0.649,0.649,0.431],"y":[0,0,0]},"n":["0p246_1p016_0p649_0","0p246_1p016_0p649_0","0p833_1_0p431_0"],"t":76,"s":[100,100,100],"e":[115,115,100]},{"i":{"x":[1,1,0.833],"y":[1,1,1]},"o":{"x":[0.451,0.451,0.167],"y":[0,0,0]},"n":["1_1_0p451_0","1_1_0p451_0","0p833_1_0p167_0"],"t":82,"s":[115,115,100],"e":[110,110,100]},{"t":86}],"ix":6,"x":"var $bm_rt;\nvar amp, freq, decay, n, n, t, t, v;\ntry {\n    amp = div(effect('Elastic Controller Scale')(1), 200);\n    freq = div(effect('Elastic Controller Scale')(2), 30);\n    decay = div(effect('Elastic Controller Scale')(3), 10);\n    $bm_rt = n = 0;\n    if (numKeys > 0) {\n        $bm_rt = n = nearestKey(time).index;\n        if (key(n).time > time) {\n            n--;\n        }\n    }\n    if (n == 0) {\n        $bm_rt = t = 0;\n    } else {\n        $bm_rt = t = sub(time, key(n).time);\n    }\n    if (n > 0) {\n        v = velocityAtTime(sub(key(n).time, div(thisComp.frameDuration, 10)));\n        $bm_rt = sum(value, div(mul(mul(v, amp), Math.sin(mul(mul(mul(freq, t), 2), Math.PI))), Math.exp(mul(decay, t))));\n    } else {\n        $bm_rt = value;\n    }\n} catch (e$$4) {\n    $bm_rt = value = value;\n}"}},"ao":0,"ef":[{"ty":5,"nm":"Elastic Controller Scale","np":5,"mn":"Pseudo/MDS Elastic Controller","ix":1,"en":1,"ef":[{"ty":0,"nm":"Amplitude","mn":"Pseudo/MDS Elastic Controller-0001","ix":1,"v":{"a":0,"k":20,"ix":1}},{"ty":0,"nm":"Frequency","mn":"Pseudo/MDS Elastic Controller-0002","ix":2,"v":{"a":0,"k":40,"ix":2}},{"ty":0,"nm":"Decay","mn":"Pseudo/MDS Elastic Controller-0003","ix":3,"v":{"a":0,"k":60,"ix":3}}]},{"ty":5,"nm":"Elastic Controller Scale","np":5,"mn":"Pseudo/MDS Elastic Controller","ix":2,"en":1,"ef":[{"ty":0,"nm":"Amplitude","mn":"Pseudo/MDS Elastic Controller-0001","ix":1,"v":{"a":0,"k":20,"ix":1}},{"ty":0,"nm":"Frequency","mn":"Pseudo/MDS Elastic Controller-0002","ix":2,"v":{"a":0,"k":40,"ix":2}},{"ty":0,"nm":"Decay","mn":"Pseudo/MDS Elastic Controller-0003","ix":3,"v":{"a":0,"k":60,"ix":3}}]}],"ip":76,"op":270,"st":0,"bm":0},{"ddd":0,"ind":15,"ty":4,"nm":"Circle 2","parent":16,"td":1,"sr":1,"ks":{"o":{"a":0,"k":100,"ix":11},"r":{"a":0,"k":0,"ix":10},"p":{"a":0,"k":[294.755,292.118,0],"ix":2},"a":{"a":0,"k":[294.755,292.118,0],"ix":1},"s":{"a":0,"k":[100,100,100],"ix":6}},"ao":0,"shapes":[{"ty":"gr","it":[{"d":1,"ty":"el","s":{"a":0,"k":[34,34],"ix":2},"p":{"a":0,"k":[0,0],"ix":3},"nm":"Ellipse Path 1","mn":"ADBE Vector Shape - Ellipse","hd":false},{"ty":"tm","s":{"a":0,"k":0,"ix":1},"e":{"a":0,"k":100,"ix":2},"o":{"a":0,"k":-36,"ix":3},"m":1,"ix":2,"nm":"Trim Paths 1","mn":"ADBE Vector Filter - Trim","hd":false},{"ty":"st","c":{"a":0,"k":[0.243137270212,0.145098045468,0.698039233685,1],"ix":3},"o":{"a":0,"k":100,"ix":4},"w":{"a":0,"k":79,"ix":5,"x":"var $bm_rt;\n$bm_rt = content('Group 4').content('Ellipse Path 1').size[0];"},"lc":1,"lj":1,"ml":4,"ml2":{"a":0,"k":4,"ix":8},"bm":0,"nm":"Stroke 1","mn":"ADBE Vector Graphic - Stroke","hd":false},{"ty":"tr","p":{"a":0,"k":[294.813,292.271],"ix":2},"a":{"a":0,"k":[0,0],"ix":1},"s":{"a":0,"k":[100,100],"ix":3},"r":{"a":0,"k":0,"ix":6},"o":{"a":0,"k":100,"ix":7},"sk":{"a":0,"k":0,"ix":4},"sa":{"a":0,"k":0,"ix":5},"nm":"Transform"}],"nm":"Group 4","np":3,"cix":2,"bm":0,"ix":1,"mn":"ADBE Vector Group","hd":false},{"ty":"gr","it":[{"ty":"tr","p":{"a":0,"k":[0,0],"ix":2},"a":{"a":0,"k":[0,0],"ix":1},"s":{"a":0,"k":[100,100],"ix":3},"r":{"a":0,"k":0,"ix":6},"o":{"a":0,"k":100,"ix":7},"sk":{"a":0,"k":0,"ix":4},"sa":{"a":0,"k":0,"ix":5},"nm":"Transform"}],"nm":"Group 3","np":0,"cix":2,"bm":0,"ix":2,"mn":"ADBE Vector Group","hd":true},{"ty":"gr","it":[{"ind":0,"ty":"sh","ix":1,"ks":{"a":0,"k":{"i":[[0,-19.001],[19.001,0],[0,19.002],[-19.002,0]],"o":[[0,19.002],[-19.002,0],[0,-19.001],[19.001,0]],"v":[[34.405,0],[0,34.405],[-34.406,0],[0,-34.405]],"c":true},"ix":2},"nm":"Path 1","mn":"ADBE Vector Shape - Group","hd":true},{"ty":"fl","c":{"a":0,"k":[0.243000000598,0.144999994016,0.698000021542,1],"ix":4},"o":{"a":0,"k":100,"ix":5},"r":1,"bm":0,"nm":"Fill 1","mn":"ADBE Vector Graphic - Fill","hd":true},{"ty":"tr","p":{"a":0,"k":[294.755,292.118],"ix":2},"a":{"a":0,"k":[0,0],"ix":1},"s":{"a":0,"k":[100,100],"ix":3},"r":{"a":0,"k":0,"ix":6},"o":{"a":0,"k":100,"ix":7},"sk":{"a":0,"k":0,"ix":4},"sa":{"a":0,"k":0,"ix":5},"nm":"Transform"}],"nm":"Group 2","np":2,"cix":2,"bm":0,"ix":3,"mn":"ADBE Vector Group","hd":true}],"ip":-27,"op":302,"st":23,"bm":0},{"ddd":0,"ind":16,"ty":4,"nm":"Circle 3","parent":14,"tt":1,"sr":1,"ks":{"o":{"a":0,"k":100,"ix":11},"r":{"a":0,"k":0,"ix":10,"x":"var $bm_rt;\nvar amp, freq, decay, n, n, t, t, v;\ntry {\n    amp = div(effect('Elastic Controller Rotation')(1), 200);\n    freq = div(effect('Elastic Controller Rotation')(2), 30);\n    decay = div(effect('Elastic Controller Rotation')(3), 10);\n    $bm_rt = n = 0;\n    if (numKeys > 0) {\n        $bm_rt = n = nearestKey(time).index;\n        if (key(n).time > time) {\n            n--;\n        }\n    }\n    if (n == 0) {\n        $bm_rt = t = 0;\n    } else {\n        $bm_rt = t = sub(time, key(n).time);\n    }\n    if (n > 0) {\n        v = velocityAtTime(sub(key(n).time, div(thisComp.frameDuration, 10)));\n        $bm_rt = sum(value, div(mul(mul(v, amp), Math.sin(mul(mul(mul(freq, t), 2), Math.PI))), Math.exp(mul(decay, t))));\n    } else {\n        $bm_rt = value;\n    }\n} catch (e$$4) {\n    $bm_rt = value = value;\n}"},"p":{"a":1,"k":[{"i":{"x":0.311,"y":1},"o":{"x":0.546,"y":0.023},"n":"0p311_1_0p546_0p023","t":166,"s":[0,0,0],"e":[-9.5,9,0],"to":[-1.58333337306976,1.5,0],"ti":[0,0,0]},{"i":{"x":1,"y":1},"o":{"x":0.378,"y":0},"n":"1_1_0p378_0","t":175,"s":[-9.5,9,0],"e":[0,0,0],"to":[0,0,0],"ti":[-1.58333337306976,1.5,0]},{"t":180.8662109375}],"ix":2,"x":"var $bm_rt;\nvar amp, freq, decay, n, n, t, t, v;\ntry {\n    amp = div(effect('Elastic Controller Position')(1), 200);\n    freq = div(effect('Elastic Controller Position')(2), 30);\n    decay = div(effect('Elastic Controller Position')(3), 10);\n    $bm_rt = n = 0;\n    if (numKeys > 0) {\n        $bm_rt = n = nearestKey(time).index;\n        if (key(n).time > time) {\n            n--;\n        }\n    }\n    if (n == 0) {\n        $bm_rt = t = 0;\n    } else {\n        $bm_rt = t = sub(time, key(n).time);\n    }\n    if (n > 0) {\n        v = velocityAtTime(sub(key(n).time, div(thisComp.frameDuration, 10)));\n        $bm_rt = sum(value, div(mul(mul(v, amp), Math.sin(mul(mul(mul(freq, t), 2), Math.PI))), Math.exp(mul(decay, t))));\n    } else {\n        $bm_rt = value;\n    }\n} catch (e$$4) {\n    $bm_rt = value = value;\n}"},"a":{"a":0,"k":[294.755,292.118,0],"ix":1},"s":{"a":1,"k":[{"i":{"x":[1,1,0.562],"y":[0.999,0.999,1]},"o":{"x":[0.737,0.737,0.191],"y":[0,0,0]},"n":["1_0p999_0p737_0","1_0p999_0p737_0","0p562_1_0p191_0"],"t":0,"s":[160,160,100],"e":[150,150,100]},{"i":{"x":[0.714,0.714,0.665],"y":[1,1,1]},"o":{"x":[0.38,0.38,0.312],"y":[0,0,0]},"n":["0p714_1_0p38_0","0p714_1_0p38_0","0p665_1_0p312_0"],"t":11,"s":[150,150,100],"e":[150,150,100]},{"i":{"x":[0.246,0.246,0.833],"y":[1.012,1.012,1]},"o":{"x":[0.649,0.649,0.431],"y":[0,0,0]},"n":["0p246_1p012_0p649_0","0p246_1p012_0p649_0","0p833_1_0p431_0"],"t":64,"s":[150,150,100],"e":[170,170,100]},{"i":{"x":[1,1,0.833],"y":[1,1,1]},"o":{"x":[0.451,0.451,0.167],"y":[0,0,0]},"n":["1_1_0p451_0","1_1_0p451_0","0p833_1_0p167_0"],"t":70,"s":[170,170,100],"e":[160,160,100]},{"t":74}],"ix":6,"x":"var $bm_rt;\nvar amp, freq, decay, n, n, t, t, v;\ntry {\n    amp = div(effect('Elastic Controller Scale')(1), 200);\n    freq = div(effect('Elastic Controller Scale')(2), 30);\n    decay = div(effect('Elastic Controller Scale')(3), 10);\n    $bm_rt = n = 0;\n    if (numKeys > 0) {\n        $bm_rt = n = nearestKey(time).index;\n        if (key(n).time > time) {\n            n--;\n        }\n    }\n    if (n == 0) {\n        $bm_rt = t = 0;\n    } else {\n        $bm_rt = t = sub(time, key(n).time);\n    }\n    if (n > 0) {\n        v = velocityAtTime(sub(key(n).time, div(thisComp.frameDuration, 10)));\n        $bm_rt = sum(value, div(mul(mul(v, amp), Math.sin(mul(mul(mul(freq, t), 2), Math.PI))), Math.exp(mul(decay, t))));\n    } else {\n        $bm_rt = value;\n    }\n} catch (e$$4) {\n    $bm_rt = value = value;\n}"}},"ao":0,"ef":[{"ty":5,"nm":"Elastic Controller Scale","np":5,"mn":"Pseudo/MDS Elastic Controller","ix":1,"en":1,"ef":[{"ty":0,"nm":"Amplitude","mn":"Pseudo/MDS Elastic Controller-0001","ix":1,"v":{"a":0,"k":20,"ix":1}},{"ty":0,"nm":"Frequency","mn":"Pseudo/MDS Elastic Controller-0002","ix":2,"v":{"a":0,"k":40,"ix":2}},{"ty":0,"nm":"Decay","mn":"Pseudo/MDS Elastic Controller-0003","ix":3,"v":{"a":0,"k":60,"ix":3}}]},{"ty":34,"nm":"Puppet","np":6,"mn":"ADBE FreePin3","ix":2,"en":1,"ef":[{"ty":7,"nm":"Puppet Engine","mn":"ADBE FreePin3 Puppet Engine","ix":1,"v":{"a":0,"k":2,"ix":1}},{"ty":0,"nm":"Mesh Rotation Refinement","mn":"ADBE FreePin3 Auto Rotate Pins","ix":2,"v":{"a":0,"k":20,"ix":2}},{"ty":7,"nm":"On Transparent","mn":"ADBE FreePin3 On Transparent","ix":3,"v":{"a":0,"k":0,"ix":3}},{"ty":30,"nm":"arap","np":3,"mn":"ADBE FreePin3 ARAP Group","ix":4,"en":1,"ef":[{"ty":6,"nm":"Auto-traced Shapes","mn":"ADBE FreePin3 Outlines","ix":1,"v":0},{"ty":1,"nm":"Mesh","np":1,"mn":"ADBE FreePin3 Mesh Group","ix":2,"en":1,"ef":[]}]}]},{"ty":5,"nm":"Elastic Controller Position","np":5,"mn":"Pseudo/MDS Elastic Controller","ix":3,"en":1,"ef":[{"ty":0,"nm":"Amplitude","mn":"Pseudo/MDS Elastic Controller-0001","ix":1,"v":{"a":0,"k":20,"ix":1}},{"ty":0,"nm":"Frequency","mn":"Pseudo/MDS Elastic Controller-0002","ix":2,"v":{"a":0,"k":40,"ix":2}},{"ty":0,"nm":"Decay","mn":"Pseudo/MDS Elastic Controller-0003","ix":3,"v":{"a":0,"k":60,"ix":3}}]},{"ty":5,"nm":"Elastic Controller Rotation","np":5,"mn":"Pseudo/MDS Elastic Controller","ix":4,"en":1,"ef":[{"ty":0,"nm":"Amplitude","mn":"Pseudo/MDS Elastic Controller-0001","ix":1,"v":{"a":0,"k":20,"ix":1}},{"ty":0,"nm":"Frequency","mn":"Pseudo/MDS Elastic Controller-0002","ix":2,"v":{"a":0,"k":40,"ix":2}},{"ty":0,"nm":"Decay","mn":"Pseudo/MDS Elastic Controller-0003","ix":3,"v":{"a":0,"k":60,"ix":3}}]},{"ty":5,"nm":"Elastic Controller Position - Transform","np":5,"mn":"Pseudo/MDS Elastic Controller","ix":5,"en":1,"ef":[{"ty":0,"nm":"Amplitude","mn":"Pseudo/MDS Elastic Controller-0001","ix":1,"v":{"a":0,"k":20,"ix":1}},{"ty":0,"nm":"Frequency","mn":"Pseudo/MDS Elastic Controller-0002","ix":2,"v":{"a":0,"k":40,"ix":2}},{"ty":0,"nm":"Decay","mn":"Pseudo/MDS Elastic Controller-0003","ix":3,"v":{"a":0,"k":60,"ix":3}}]}],"shapes":[{"ty":"gr","it":[{"ind":0,"ty":"sh","ix":1,"ks":{"a":0,"k":{"i":[[-48.441,59.979],[-32.13,-88.802],[18.241,-18.779],[0,0]],"o":[[67.801,-83.951],[0,0],[-16.385,16.868],[-140.92,-32.75]],"v":[[36.218,40.377],[19.256,-29.316],[10.829,9.72],[-29.316,19.255]],"c":true},"ix":2},"nm":"Path 1","mn":"ADBE Vector Shape - Group","hd":false},{"ty":"mm","mm":4,"nm":"Merge Paths 1","mn":"ADBE Vector Filter - Merge","hd":false},{"ty":"fl","c":{"a":0,"k":[0.403921598547,0.329411764706,0.780392216701,1],"ix":4},"o":{"a":0,"k":100,"ix":5},"r":1,"bm":0,"nm":"Fill 1","mn":"ADBE Vector Graphic - Fill","hd":false},{"ty":"tr","p":{"a":1,"k":[{"i":{"x":0.999,"y":0.999},"o":{"x":0.737,"y":0},"n":"0p999_0p999_0p737_0","t":1,"s":[303.76,301.151],"e":[299.845,297.208],"to":[0,0],"ti":[0,0]},{"i":{"x":0.818,"y":0.818},"o":{"x":0.38,"y":0.38},"n":"0p818_0p818_0p38_0p38","t":14,"s":[299.845,297.208],"e":[299.845,297.208],"to":[0,0],"ti":[0,0]},{"i":{"x":0.246,"y":0.975},"o":{"x":0.649,"y":0},"n":"0p246_0p975_0p649_0","t":65,"s":[299.845,297.208],"e":[298.433,299.581],"to":[-0.68933820724487,0.4159007370472],"ti":[0,0]},{"i":{"x":0.999,"y":1},"o":{"x":0.451,"y":0},"n":"0p999_1_0p451_0","t":71,"s":[298.433,299.581],"e":[299.845,297.208],"to":[0,0],"ti":[-0.23526318371296,0.39540529251099]},{"i":{"x":0.818,"y":0.818},"o":{"x":0.167,"y":0.167},"n":"0p818_0p818_0p167_0p167","t":75,"s":[299.845,297.208],"e":[299.845,297.208],"to":[0,0],"ti":[0,0]},{"i":{"x":0.246,"y":0.975},"o":{"x":0.649,"y":0},"n":"0p246_0p975_0p649_0","t":90,"s":[299.845,297.208],"e":[298.433,299.581],"to":[-0.68933820724487,0.4159007370472],"ti":[-0.12523239850998,-0.21994312107563]},{"i":{"x":0.999,"y":1},"o":{"x":0.451,"y":0},"n":"0p999_1_0p451_0","t":96,"s":[298.433,299.581],"e":[300.596,298.528],"to":[0.12523239850998,0.21994312107563],"ti":[-0.36049121618271,0.17546114325523]},{"i":{"x":0.818,"y":1},"o":{"x":0.167,"y":0},"n":"0p818_1_0p167_0","t":100,"s":[300.596,298.528],"e":[300.596,298.528],"to":[0.36049121618271,-0.17546114325523],"ti":[0,0]},{"i":{"x":0.246,"y":0.988},"o":{"x":0.649,"y":0},"n":"0p246_0p988_0p649_0","t":120,"s":[300.596,298.528],"e":[305.258,300.15],"to":[-0.68933820724487,0.4159007370472],"ti":[-0.52726989984512,-0.43715241551399]},{"i":{"x":0.999,"y":1},"o":{"x":0.451,"y":0},"n":"0p999_1_0p451_0","t":126,"s":[305.258,300.15],"e":[303.76,301.151],"to":[0.52726989984512,0.43715241551399],"ti":[0,0]},{"t":130}],"ix":2,"x":"var $bm_rt;\nvar amp, freq, decay, n, n, t, t, v;\ntry {\n    amp = div(effect('Elastic Controller Position - Transform')(1), 200);\n    freq = div(effect('Elastic Controller Position - Transform')(2), 30);\n    decay = div(effect('Elastic Controller Position - Transform')(3), 10);\n    $bm_rt = n = 0;\n    if (numKeys > 0) {\n        $bm_rt = n = nearestKey(time).index;\n        if (key(n).time > time) {\n            n--;\n        }\n    }\n    if (n == 0) {\n        $bm_rt = t = 0;\n    } else {\n        $bm_rt = t = sub(time, key(n).time);\n    }\n    if (n > 0) {\n        v = velocityAtTime(sub(key(n).time, div(thisComp.frameDuration, 10)));\n        $bm_rt = sum(value, div(mul(mul(v, amp), Math.sin(mul(mul(mul(freq, t), 2), Math.PI))), Math.exp(mul(decay, t))));\n    } else {\n        $bm_rt = value;\n    }\n} catch (e$$4) {\n    $bm_rt = value = value;\n}"},"a":{"a":0,"k":[0,0],"ix":1},"s":{"a":0,"k":[100,100],"ix":3},"r":{"a":0,"k":0,"ix":6},"o":{"a":0,"k":100,"ix":7},"sk":{"a":0,"k":0,"ix":4},"sa":{"a":0,"k":0,"ix":5},"nm":"Transform"}],"nm":"Group 1","np":3,"cix":2,"bm":0,"ix":1,"mn":"ADBE Vector Group","hd":false},{"ty":"gr","it":[{"d":1,"ty":"el","s":{"a":0,"k":[61,61],"ix":2},"p":{"a":0,"k":[0,0],"ix":3},"nm":"Ellipse Path 1","mn":"ADBE Vector Shape - Ellipse","hd":false},{"ty":"tm","s":{"a":0,"k":0,"ix":1},"e":{"a":0,"k":100,"ix":2},"o":{"a":0,"k":-36,"ix":3},"m":1,"ix":2,"nm":"Trim Paths 1","mn":"ADBE Vector Filter - Trim","hd":false},{"ty":"st","c":{"a":0,"k":[0.243137270212,0.145098045468,0.698039233685,1],"ix":3},"o":{"a":0,"k":100,"ix":4},"w":{"a":0,"k":79,"ix":5,"x":"var $bm_rt;\n$bm_rt = content('Group 4').content('Ellipse Path 1').size[0];"},"lc":1,"lj":1,"ml":4,"ml2":{"a":0,"k":4,"ix":8},"bm":0,"nm":"Stroke 1","mn":"ADBE Vector Graphic - Stroke","hd":false},{"ty":"tr","p":{"a":0,"k":[294.813,292.271],"ix":2},"a":{"a":0,"k":[0,0],"ix":1},"s":{"a":0,"k":[100,100],"ix":3},"r":{"a":0,"k":0,"ix":6},"o":{"a":0,"k":100,"ix":7},"sk":{"a":0,"k":0,"ix":4},"sa":{"a":0,"k":0,"ix":5},"nm":"Transform"}],"nm":"Group 4","np":3,"cix":2,"bm":0,"ix":2,"mn":"ADBE Vector Group","hd":false},{"ty":"gr","it":[{"ty":"tr","p":{"a":0,"k":[0,0],"ix":2},"a":{"a":0,"k":[0,0],"ix":1},"s":{"a":0,"k":[100,100],"ix":3},"r":{"a":0,"k":0,"ix":6},"o":{"a":0,"k":100,"ix":7},"sk":{"a":0,"k":0,"ix":4},"sa":{"a":0,"k":0,"ix":5},"nm":"Transform"}],"nm":"Group 3","np":0,"cix":2,"bm":0,"ix":3,"mn":"ADBE Vector Group","hd":true},{"ty":"gr","it":[{"ind":0,"ty":"sh","ix":1,"ks":{"a":0,"k":{"i":[[0,-19.001],[19.001,0],[0,19.002],[-19.002,0]],"o":[[0,19.002],[-19.002,0],[0,-19.001],[19.001,0]],"v":[[34.405,0],[0,34.405],[-34.406,0],[0,-34.405]],"c":true},"ix":2},"nm":"Path 1","mn":"ADBE Vector Shape - Group","hd":true},{"ty":"fl","c":{"a":0,"k":[0.243000000598,0.144999994016,0.698000021542,1],"ix":4},"o":{"a":0,"k":100,"ix":5},"r":1,"bm":0,"nm":"Fill 1","mn":"ADBE Vector Graphic - Fill","hd":true},{"ty":"tr","p":{"a":0,"k":[294.755,292.118],"ix":2},"a":{"a":0,"k":[0,0],"ix":1},"s":{"a":0,"k":[100,100],"ix":3},"r":{"a":0,"k":0,"ix":6},"o":{"a":0,"k":100,"ix":7},"sk":{"a":0,"k":0,"ix":4},"sa":{"a":0,"k":0,"ix":5},"nm":"Transform"}],"nm":"Group 2","np":2,"cix":2,"bm":0,"ix":4,"mn":"ADBE Vector Group","hd":true}],"ip":-27,"op":302,"st":23,"bm":0},{"ddd":0,"ind":17,"ty":4,"nm":"Link","parent":22,"sr":1,"ks":{"o":{"a":0,"k":100,"ix":11},"r":{"a":1,"k":[{"i":{"x":[0.649],"y":[0.986]},"o":{"x":[0.884],"y":[0]},"n":["0p649_0p986_0p884_0"],"t":100,"s":[0],"e":[66]},{"t":124}],"ix":10,"x":"var $bm_rt;\n$bm_rt = sub(transform.rotation, thisComp.layer('Main Orbit').transform.rotation);"},"p":{"a":1,"k":[{"i":{"x":0.946,"y":0.946},"o":{"x":0.907,"y":0},"n":"0p946_0p946_0p907_0","t":100,"s":[183.01,-80.156,0],"e":[4.825,0.47,0],"to":[0,0,0],"ti":[64.9763641357422,-82.4829559326172,0]},{"t":123}],"ix":2},"a":{"a":0,"k":[387.833,198.075,0],"ix":1},"s":{"a":1,"k":[{"i":{"x":[0.833,0.833,0.833],"y":[0.833,0.833,1]},"o":{"x":[0.333,0.333,0.333],"y":[0,0,0]},"n":["0p833_0p833_0p333_0","0p833_0p833_0p333_0","0p833_1_0p333_0"],"t":17,"s":[0,0,100],"e":[150,150,100]},{"i":{"x":[0.667,0.667,0.667],"y":[1,1,1]},"o":{"x":[0.167,0.167,0.167],"y":[0,0,0]},"n":["0p667_1_0p167_0","0p667_1_0p167_0","0p667_1_0p167_0"],"t":25,"s":[150,150,100],"e":[150,150,100]},{"i":{"x":[0.833,0.833,0.833],"y":[0.833,0.833,1]},"o":{"x":[0.333,0.333,0.333],"y":[0,0,0]},"n":["0p833_0p833_0p333_0","0p833_0p833_0p333_0","0p833_1_0p333_0"],"t":87,"s":[150,150,100],"e":[160,160,100]},{"i":{"x":[0.833,0.833,0.833],"y":[0.833,0.833,0.833]},"o":{"x":[0.167,0.167,0.167],"y":[0.167,0.167,0.167]},"n":["0p833_0p833_0p167_0p167","0p833_0p833_0p167_0p167","0p833_0p833_0p167_0p167"],"t":90,"s":[160,160,100],"e":[160,160,100]},{"i":{"x":[0.833,0.833,0.833],"y":[0.833,0.833,0.833]},"o":{"x":[0.167,0.167,0.167],"y":[0.167,0.167,0.167]},"n":["0p833_0p833_0p167_0p167","0p833_0p833_0p167_0p167","0p833_0p833_0p167_0p167"],"t":117,"s":[160,160,100],"e":[109,109,100]},{"t":125}],"ix":6,"x":"var $bm_rt;\nvar amp, freq, decay, n, n, t, t, v;\ntry {\n    amp = div(effect('Elastic Controller Scale')(1), 200);\n    freq = div(effect('Elastic Controller Scale')(2), 30);\n    decay = div(effect('Elastic Controller Scale')(3), 10);\n    $bm_rt = n = 0;\n    if (numKeys > 0) {\n        $bm_rt = n = nearestKey(time).index;\n        if (key(n).time > time) {\n            n--;\n        }\n    }\n    if (n == 0) {\n        $bm_rt = t = 0;\n    } else {\n        $bm_rt = t = sub(time, key(n).time);\n    }\n    if (n > 0) {\n        v = velocityAtTime(sub(key(n).time, div(thisComp.frameDuration, 10)));\n        $bm_rt = sum(value, div(mul(mul(v, amp), Math.sin(mul(mul(mul(freq, t), 2), Math.PI))), Math.exp(mul(decay, t))));\n    } else {\n        $bm_rt = value;\n    }\n} catch (e$$4) {\n    $bm_rt = value = value;\n}"}},"ao":0,"ef":[{"ty":5,"nm":"Elastic Controller Scale","np":5,"mn":"Pseudo/MDS Elastic Controller","ix":1,"en":1,"ef":[{"ty":0,"nm":"Amplitude","mn":"Pseudo/MDS Elastic Controller-0001","ix":1,"v":{"a":0,"k":20,"ix":1}},{"ty":0,"nm":"Frequency","mn":"Pseudo/MDS Elastic Controller-0002","ix":2,"v":{"a":0,"k":40,"ix":2}},{"ty":0,"nm":"Decay","mn":"Pseudo/MDS Elastic Controller-0003","ix":3,"v":{"a":0,"k":60,"ix":3}}]}],"shapes":[{"ty":"gr","it":[{"ty":"gr","it":[{"ind":0,"ty":"sh","ix":1,"ks":{"a":0,"k":{"i":[[0,0],[0,0],[0,0],[0,0]],"o":[[0,0],[0,0],[0,0],[0,0]],"v":[[-1.727,3.04],[-3.014,1.773],[1.728,-3.04],[3.014,-1.771]],"c":true},"ix":2},"nm":"Path 1","mn":"ADBE Vector Shape - Group","hd":false},{"ty":"mm","mm":4,"nm":"Merge Paths 1","mn":"ADBE Vector Filter - Merge","hd":false},{"ty":"fl","c":{"a":0,"k":[0.690196078431,0.650980392157,0.874509803922,1],"ix":4,"x":"var $bm_rt;\n$bm_rt = content('Link').content('Group 2').content('Fill 1').color;"},"o":{"a":0,"k":100,"ix":5},"r":1,"bm":0,"nm":"Fill 1","mn":"ADBE Vector Graphic - Fill","hd":false},{"ty":"tr","p":{"a":0,"k":[387.833,198.075],"ix":2},"a":{"a":0,"k":[0,0],"ix":1},"s":{"a":0,"k":[100,100],"ix":3},"r":{"a":0,"k":0,"ix":6},"o":{"a":0,"k":100,"ix":7},"sk":{"a":0,"k":0,"ix":4},"sa":{"a":0,"k":0,"ix":5},"nm":"Transform"}],"nm":"Group 1","np":3,"cix":2,"bm":0,"ix":1,"mn":"ADBE Vector Group","hd":false},{"ty":"gr","it":[{"ind":0,"ty":"sh","ix":1,"ks":{"a":0,"k":{"i":[[0,0],[0,0],[0,0],[1.635,1.612],[1.101,0],[0,0],[0.779,-0.79],[0,0],[0,0],[0,0],[-1.594,0.009],[0,0],[-1.128,-1.111],[2.305,-2.34]],"o":[[0,0],[0,0],[1.611,-1.634],[-0.788,-0.775],[0,0],[-1.11,0.006],[0,0],[0,0],[0,0],[1.121,-1.138],[0,0],[1.58,0],[2.345,2.312],[0,0]],"v":[[2.798,5.697],[1.505,4.437],[2.715,3.193],[2.667,-2.689],[-0.261,-3.89],[-0.285,-3.89],[-3.213,-2.656],[-4.421,-1.417],[-5.714,-2.678],[-4.503,-3.92],[-0.295,-5.697],[-0.261,-5.697],[3.934,-3.976],[4.006,4.459]],"c":true},"ix":2},"nm":"Path 1","mn":"ADBE Vector Shape - Group","hd":false},{"ty":"mm","mm":4,"nm":"Merge Paths 1","mn":"ADBE Vector Filter - Merge","hd":false},{"ty":"fl","c":{"a":0,"k":[0.690196078431,0.650980392157,0.874509803922,1],"ix":4,"x":"var $bm_rt;\n$bm_rt = content('Link').content('Group 3').content('Fill 1').color;"},"o":{"a":0,"k":100,"ix":5},"r":1,"bm":0,"nm":"Fill 1","mn":"ADBE Vector Graphic - Fill","hd":false},{"ty":"tr","p":{"a":0,"k":[391.177,194.653],"ix":2},"a":{"a":0,"k":[0,0],"ix":1},"s":{"a":0,"k":[100,100],"ix":3},"r":{"a":0,"k":0,"ix":6},"o":{"a":0,"k":100,"ix":7},"sk":{"a":0,"k":0,"ix":4},"sa":{"a":0,"k":0,"ix":5},"nm":"Transform"}],"nm":"Group 2","np":3,"cix":2,"bm":0,"ix":2,"mn":"ADBE Vector Group","hd":false},{"ty":"gr","it":[{"ind":0,"ty":"sh","ix":1,"ks":{"a":0,"k":{"i":[[0,0],[1.127,1.111],[-2.305,2.34],[0,0],[0,0],[0,0],[-1.636,-1.611],[-1.102,0],[0,0],[-0.778,0.79],[0,0],[0,0],[0,0],[1.593,-0.009]],"o":[[-1.58,0],[-2.344,-2.311],[0,0],[0,0],[0,0],[-1.609,1.634],[0.786,0.776],[0,0],[1.111,-0.007],[0,0],[0,0],[0,0],[-1.121,1.137],[0,0]],"v":[[0.26,5.697],[-3.935,3.976],[-4.006,-4.458],[-2.798,-5.697],[-1.504,-4.436],[-2.716,-3.194],[-2.666,2.689],[0.26,3.891],[0.285,3.891],[3.213,2.656],[4.42,1.417],[5.715,2.678],[4.504,3.921],[0.297,5.697]],"c":true},"ix":2},"nm":"Path 1","mn":"ADBE Vector Shape - Group","hd":false},{"ty":"mm","mm":4,"nm":"Merge Paths 1","mn":"ADBE Vector Filter - Merge","hd":false},{"ty":"fl","c":{"a":1,"k":[{"i":{"x":[0.24],"y":[1]},"o":{"x":[0.76],"y":[0]},"n":["0p24_1_0p76_0"],"t":87,"s":[0.690196078431,0.650980392157,0.874509803922,1],"e":[0.894117706897,0.6,0.278431372549,1]},{"t":96}],"ix":4},"o":{"a":0,"k":100,"ix":5},"r":1,"bm":0,"nm":"Fill 1","mn":"ADBE Vector Graphic - Fill","hd":false},{"ty":"tr","p":{"a":0,"k":[384.49,201.498],"ix":2},"a":{"a":0,"k":[0,0],"ix":1},"s":{"a":0,"k":[100,100],"ix":3},"r":{"a":0,"k":0,"ix":6},"o":{"a":0,"k":100,"ix":7},"sk":{"a":0,"k":0,"ix":4},"sa":{"a":0,"k":0,"ix":5},"nm":"Transform"}],"nm":"Group 3","np":3,"cix":2,"bm":0,"ix":3,"mn":"ADBE Vector Group","hd":false},{"ty":"gr","it":[{"ind":0,"ty":"sh","ix":1,"ks":{"a":0,"k":{"i":[[0,-11.517],[11.517,0],[0,11.517],[-11.516,0]],"o":[[0,11.517],[-11.516,0],[0,-11.517],[11.517,0]],"v":[[20.853,0],[-0.001,20.853],[-20.853,0],[-0.001,-20.853]],"c":true},"ix":2},"nm":"Path 1","mn":"ADBE Vector Shape - Group","hd":false},{"ty":"fl","c":{"a":1,"k":[{"i":{"x":[0.24],"y":[1]},"o":{"x":[0.76],"y":[0]},"n":["0p24_1_0p76_0"],"t":87,"s":[0.885999971278,0.870999983245,0.952999997606,1],"e":[0.992156922583,0.886274569642,0.674509803922,1]},{"t":96}],"ix":4},"o":{"a":0,"k":100,"ix":5},"r":1,"bm":0,"nm":"Fill 1","mn":"ADBE Vector Graphic - Fill","hd":false},{"ty":"tr","p":{"a":0,"k":[387.833,198.075],"ix":2},"a":{"a":0,"k":[0,0],"ix":1},"s":{"a":0,"k":[100,100],"ix":3},"r":{"a":0,"k":0,"ix":6},"o":{"a":0,"k":100,"ix":7},"sk":{"a":0,"k":0,"ix":4},"sa":{"a":0,"k":0,"ix":5},"nm":"Transform"}],"nm":"Group 4","np":2,"cix":2,"bm":0,"ix":4,"mn":"ADBE Vector Group","hd":false},{"ty":"tr","p":{"a":0,"k":[387.833,198.075],"ix":2},"a":{"a":0,"k":[387.833,198.075],"ix":1},"s":{"a":0,"k":[100,100],"ix":3},"r":{"a":0,"k":0,"ix":6},"o":{"a":0,"k":100,"ix":7},"sk":{"a":0,"k":0,"ix":4},"sa":{"a":0,"k":0,"ix":5},"nm":"Transform"}],"nm":"Link","np":4,"cix":2,"bm":0,"ix":1,"mn":"ADBE Vector Group","hd":false}],"ip":17,"op":126,"st":9,"bm":0},{"ddd":0,"ind":18,"ty":4,"nm":"Docs","parent":22,"sr":1,"ks":{"o":{"a":0,"k":100,"ix":11},"r":{"a":1,"k":[{"i":{"x":[0.649],"y":[0.992]},"o":{"x":[0.884],"y":[0]},"n":["0p649_0p992_0p884_0"],"t":86,"s":[0],"e":[114]},{"t":110}],"ix":10,"x":"var $bm_rt;\n$bm_rt = sub(transform.rotation, thisComp.layer('Main Orbit').transform.rotation);"},"p":{"a":1,"k":[{"i":{"x":0.946,"y":0.942},"o":{"x":0.907,"y":0},"n":"0p946_0p942_0p907_0","t":86,"s":[-124.837,156.409,0],"e":[-10.379,1.834,0],"to":[0,0,0],"ti":[-72.4948577880859,50.7619438171387,0]},{"t":109}],"ix":2},"a":{"a":0,"k":[165.014,324.828,0],"ix":1},"s":{"a":1,"k":[{"i":{"x":[0.833,0.833,0.833],"y":[0.833,0.833,1]},"o":{"x":[0.333,0.333,0.333],"y":[0,0,0]},"n":["0p833_0p833_0p333_0","0p833_0p833_0p333_0","0p833_1_0p333_0"],"t":23,"s":[0,0,100],"e":[150,150,100]},{"i":{"x":[0.667,0.667,0.667],"y":[1,1,1]},"o":{"x":[0.167,0.167,0.167],"y":[0,0,0]},"n":["0p667_1_0p167_0","0p667_1_0p167_0","0p667_1_0p167_0"],"t":31,"s":[150,150,100],"e":[150,150,100]},{"i":{"x":[0.833,0.833,0.833],"y":[0.833,0.833,1]},"o":{"x":[0.333,0.333,0.333],"y":[0,0,0]},"n":["0p833_0p833_0p333_0","0p833_0p833_0p333_0","0p833_1_0p333_0"],"t":73,"s":[150,150,100],"e":[160,160,100]},{"i":{"x":[0.833,0.833,0.833],"y":[0.833,0.833,0.833]},"o":{"x":[0.167,0.167,0.167],"y":[0.167,0.167,0.167]},"n":["0p833_0p833_0p167_0p167","0p833_0p833_0p167_0p167","0p833_0p833_0p167_0p167"],"t":76,"s":[160,160,100],"e":[160,160,100]},{"i":{"x":[0.833,0.833,0.833],"y":[0.833,0.833,0.833]},"o":{"x":[0.167,0.167,0.167],"y":[0.167,0.167,0.167]},"n":["0p833_0p833_0p167_0p167","0p833_0p833_0p167_0p167","0p833_0p833_0p167_0p167"],"t":103,"s":[160,160,100],"e":[109,109,100]},{"t":111}],"ix":6,"x":"var $bm_rt;\nvar amp, freq, decay, n, n, t, t, v;\ntry {\n    amp = div(effect('Elastic Controller Scale')(1), 200);\n    freq = div(effect('Elastic Controller Scale')(2), 30);\n    decay = div(effect('Elastic Controller Scale')(3), 10);\n    $bm_rt = n = 0;\n    if (numKeys > 0) {\n        $bm_rt = n = nearestKey(time).index;\n        if (key(n).time > time) {\n            n--;\n        }\n    }\n    if (n == 0) {\n        $bm_rt = t = 0;\n    } else {\n        $bm_rt = t = sub(time, key(n).time);\n    }\n    if (n > 0) {\n        v = velocityAtTime(sub(key(n).time, div(thisComp.frameDuration, 10)));\n        $bm_rt = sum(value, div(mul(mul(v, amp), Math.sin(mul(mul(mul(freq, t), 2), Math.PI))), Math.exp(mul(decay, t))));\n    } else {\n        $bm_rt = value;\n    }\n} catch (e$$4) {\n    $bm_rt = value = value;\n}"}},"ao":0,"ef":[{"ty":5,"nm":"Elastic Controller Scale","np":5,"mn":"Pseudo/MDS Elastic Controller","ix":1,"en":1,"ef":[{"ty":0,"nm":"Amplitude","mn":"Pseudo/MDS Elastic Controller-0001","ix":1,"v":{"a":0,"k":20,"ix":1}},{"ty":0,"nm":"Frequency","mn":"Pseudo/MDS Elastic Controller-0002","ix":2,"v":{"a":0,"k":40,"ix":2}},{"ty":0,"nm":"Decay","mn":"Pseudo/MDS Elastic Controller-0003","ix":3,"v":{"a":0,"k":60,"ix":3}}]}],"shapes":[{"ty":"gr","it":[{"ty":"gr","it":[{"ind":0,"ty":"sh","ix":1,"ks":{"a":0,"k":{"i":[[0,0],[0,0],[0,0],[0,0]],"o":[[0,0],[0,0],[0,0],[0,0]],"v":[[7.48,0.997],[-7.48,0.997],[-7.48,-0.997],[7.48,-0.997]],"c":true},"ix":2},"nm":"Path 1","mn":"ADBE Vector Shape - Group","hd":false},{"ty":"fl","c":{"a":0,"k":[1,1,1,1],"ix":4},"o":{"a":0,"k":100,"ix":5},"r":1,"bm":0,"nm":"Fill 1","mn":"ADBE Vector Graphic - Fill","hd":false},{"ty":"tr","p":{"a":0,"k":[159.544,329.299],"ix":2},"a":{"a":0,"k":[0,0],"ix":1},"s":{"a":0,"k":[100,100],"ix":3},"r":{"a":0,"k":0,"ix":6},"o":{"a":0,"k":100,"ix":7},"sk":{"a":0,"k":0,"ix":4},"sa":{"a":0,"k":0,"ix":5},"nm":"Transform"}],"nm":"Group 5","np":2,"cix":2,"bm":0,"ix":1,"mn":"ADBE Vector Group","hd":false},{"ty":"gr","it":[{"ind":0,"ty":"sh","ix":1,"ks":{"a":0,"k":{"i":[[0,0],[0,0],[0,0],[0,0]],"o":[[0,0],[0,0],[0,0],[0,0]],"v":[[11.108,0.997],[-11.109,0.997],[-11.109,-0.997],[11.108,-0.997]],"c":true},"ix":2},"nm":"Path 1","mn":"ADBE Vector Shape - Group","hd":false},{"ty":"fl","c":{"a":0,"k":[1,1,1,1],"ix":4},"o":{"a":0,"k":100,"ix":5},"r":1,"bm":0,"nm":"Fill 1","mn":"ADBE Vector Graphic - Fill","hd":false},{"ty":"tr","p":{"a":0,"k":[163.172,324.237],"ix":2},"a":{"a":0,"k":[0,0],"ix":1},"s":{"a":0,"k":[100,100],"ix":3},"r":{"a":0,"k":0,"ix":6},"o":{"a":0,"k":100,"ix":7},"sk":{"a":0,"k":0,"ix":4},"sa":{"a":0,"k":0,"ix":5},"nm":"Transform"}],"nm":"Group 6","np":2,"cix":2,"bm":0,"ix":2,"mn":"ADBE Vector Group","hd":false},{"ty":"gr","it":[{"ind":0,"ty":"sh","ix":1,"ks":{"a":0,"k":{"i":[[0,0],[0,0],[0,0],[0,0]],"o":[[0,0],[0,0],[0,0],[0,0]],"v":[[11.108,0.997],[-11.109,0.997],[-11.109,-0.997],[11.108,-0.997]],"c":true},"ix":2},"nm":"Path 1","mn":"ADBE Vector Shape - Group","hd":false},{"ty":"fl","c":{"a":0,"k":[1,1,1,1],"ix":4},"o":{"a":0,"k":100,"ix":5},"r":1,"bm":0,"nm":"Fill 1","mn":"ADBE Vector Graphic - Fill","hd":false},{"ty":"tr","p":{"a":0,"k":[163.172,318.931],"ix":2},"a":{"a":0,"k":[0,0],"ix":1},"s":{"a":0,"k":[100,100],"ix":3},"r":{"a":0,"k":0,"ix":6},"o":{"a":0,"k":100,"ix":7},"sk":{"a":0,"k":0,"ix":4},"sa":{"a":0,"k":0,"ix":5},"nm":"Transform"}],"nm":"Group 7","np":2,"cix":2,"bm":0,"ix":3,"mn":"ADBE Vector Group","hd":false},{"ty":"gr","it":[{"ind":0,"ty":"sh","ix":1,"ks":{"a":0,"k":{"i":[[0.951,0],[0,0],[0,0.951],[0,0],[-0.951,0],[0,0],[0,-0.951],[0,0]],"o":[[0,0],[-0.951,0],[0,0],[0,-0.951],[0,0],[0.951,0],[0,0],[0,0.951]],"v":[[14.546,17.656],[-14.545,17.656],[-16.267,15.935],[-16.267,-15.934],[-14.545,-17.656],[14.546,-17.656],[16.268,-15.934],[16.268,15.935]],"c":true},"ix":2},"nm":"Path 1","mn":"ADBE Vector Shape - Group","hd":false},{"ty":"fl","c":{"a":1,"k":[{"i":{"x":[0.24],"y":[1]},"o":{"x":[0.76],"y":[0]},"n":["0p24_1_0p76_0"],"t":73,"s":[0.885999971278,0.870999983245,0.952999997606,1],"e":[0.992156922583,0.886274569642,0.674509803922,1]},{"t":82}],"ix":4},"o":{"a":0,"k":100,"ix":5},"r":1,"bm":0,"nm":"Fill 1","mn":"ADBE Vector Graphic - Fill","hd":false},{"ty":"tr","p":{"a":0,"k":[163.838,327.11],"ix":2},"a":{"a":0,"k":[0,0],"ix":1},"s":{"a":0,"k":[100,100],"ix":3},"r":{"a":0,"k":0,"ix":6},"o":{"a":0,"k":100,"ix":7},"sk":{"a":0,"k":0,"ix":4},"sa":{"a":0,"k":0,"ix":5},"nm":"Transform"}],"nm":"Group 8","np":2,"cix":2,"bm":0,"ix":4,"mn":"ADBE Vector Group","hd":false},{"ty":"gr","it":[{"ind":0,"ty":"sh","ix":1,"ks":{"a":0,"k":{"i":[[0.943,0.093],[0,0],[-0.093,0.943],[0,0],[-0.943,-0.093],[0,0],[0.093,-0.943],[0,0]],"o":[[0,0],[-0.943,-0.091],[0,0],[0.093,-0.942],[0,0],[0.942,0.092],[0,0],[-0.093,0.942]],"v":[[11.881,19.691],[-15.482,17.005],[-17.021,15.131],[-13.755,-18.152],[-11.88,-19.691],[15.483,-17.005],[17.022,-15.131],[13.756,18.152]],"c":true},"ix":2},"nm":"Path 1","mn":"ADBE Vector Shape - Group","hd":false},{"ty":"mm","mm":4,"nm":"Merge Paths 1","mn":"ADBE Vector Filter - Merge","hd":false},{"ty":"fl","c":{"a":1,"k":[{"i":{"x":[0.24],"y":[1]},"o":{"x":[0.76],"y":[0]},"n":["0p24_1_0p76_0"],"t":73,"s":[0.690196078431,0.650980392157,0.87450986376,1],"e":[1,0.788235353956,0,1]},{"t":82}],"ix":4},"o":{"a":0,"k":100,"ix":5},"r":1,"bm":0,"nm":"Fill 1","mn":"ADBE Vector Graphic - Fill","hd":false},{"ty":"tr","p":{"a":0,"k":[165.427,324.589],"ix":2},"a":{"a":0,"k":[0,0],"ix":1},"s":{"a":0,"k":[100,100],"ix":3},"r":{"a":0,"k":0,"ix":6},"o":{"a":0,"k":100,"ix":7},"sk":{"a":0,"k":0,"ix":4},"sa":{"a":0,"k":0,"ix":5},"nm":"Transform"}],"nm":"Group 9","np":3,"cix":2,"bm":0,"ix":5,"mn":"ADBE Vector Group","hd":false},{"ty":"tr","p":{"a":0,"k":[165.014,324.828],"ix":2},"a":{"a":0,"k":[165.014,324.828],"ix":1},"s":{"a":0,"k":[100,100],"ix":3},"r":{"a":0,"k":0,"ix":6},"o":{"a":0,"k":100,"ix":7},"sk":{"a":0,"k":0,"ix":4},"sa":{"a":0,"k":0,"ix":5},"nm":"Transform"}],"nm":"Docs","np":5,"cix":2,"bm":0,"ix":1,"mn":"ADBE Vector Group","hd":false}],"ip":23,"op":114,"st":15,"bm":0},{"ddd":0,"ind":19,"ty":4,"nm":"Picture","parent":22,"sr":1,"ks":{"o":{"a":0,"k":100,"ix":11},"r":{"a":1,"k":[{"i":{"x":[0.649],"y":[0.986]},"o":{"x":[0.884],"y":[0]},"n":["0p649_0p986_0p884_0"],"t":71,"s":[0],"e":[66]},{"t":95}],"ix":10,"x":"var $bm_rt;\n$bm_rt = sub(transform.rotation, thisComp.layer('Main Orbit').transform.rotation);"},"p":{"a":1,"k":[{"i":{"x":0.946,"y":0.945},"o":{"x":0.907,"y":0},"n":"0p946_0p945_0p907_0","t":71,"s":[-190.62,-57.855,0],"e":[4.825,0.47,0],"to":[0,0,0],"ti":[-69.0624389648438,-45.8414649963379,0]},{"t":94}],"ix":2},"a":{"a":0,"k":[222.633,180.604,0],"ix":1},"s":{"a":1,"k":[{"i":{"x":[0.833,0.833,0.833],"y":[0.833,0.833,-15.667]},"o":{"x":[0.333,0.333,0.333],"y":[0,0,0]},"n":["0p833_0p833_0p333_0","0p833_0p833_0p333_0","0p833_-15p667_0p333_0"],"t":26,"s":[0,0,100],"e":[150,150,100]},{"i":{"x":[0.667,0.667,0.667],"y":[1,1,1]},"o":{"x":[0.167,0.167,0.167],"y":[0,0,0]},"n":["0p667_1_0p167_0","0p667_1_0p167_0","0p667_1_0p167_0"],"t":34,"s":[150,150,100],"e":[150,150,100]},{"i":{"x":[0.833,0.833,0.833],"y":[0.833,0.833,1]},"o":{"x":[0.333,0.333,0.333],"y":[0,0,0]},"n":["0p833_0p833_0p333_0","0p833_0p833_0p333_0","0p833_1_0p333_0"],"t":62,"s":[150,150,100],"e":[160,160,100]},{"i":{"x":[0.833,0.833,0.833],"y":[0.833,0.833,0.833]},"o":{"x":[0.167,0.167,0.167],"y":[0.167,0.167,0.167]},"n":["0p833_0p833_0p167_0p167","0p833_0p833_0p167_0p167","0p833_0p833_0p167_0p167"],"t":63,"s":[160,160,100],"e":[160,160,100]},{"i":{"x":[0.833,0.833,0.833],"y":[0.833,0.833,0.833]},"o":{"x":[0.167,0.167,0.167],"y":[0.167,0.167,0.167]},"n":["0p833_0p833_0p167_0p167","0p833_0p833_0p167_0p167","0p833_0p833_0p167_0p167"],"t":88,"s":[160,160,100],"e":[109,109,100]},{"t":96}],"ix":6,"x":"var $bm_rt;\nvar amp, freq, decay, n, n, t, t, v;\ntry {\n    amp = div(effect('Elastic Controller Scale')(1), 200);\n    freq = div(effect('Elastic Controller Scale')(2), 30);\n    decay = div(effect('Elastic Controller Scale')(3), 10);\n    $bm_rt = n = 0;\n    if (numKeys > 0) {\n        $bm_rt = n = nearestKey(time).index;\n        if (key(n).time > time) {\n            n--;\n        }\n    }\n    if (n == 0) {\n        $bm_rt = t = 0;\n    } else {\n        $bm_rt = t = sub(time, key(n).time);\n    }\n    if (n > 0) {\n        v = velocityAtTime(sub(key(n).time, div(thisComp.frameDuration, 10)));\n        $bm_rt = sum(value, div(mul(mul(v, amp), Math.sin(mul(mul(mul(freq, t), 2), Math.PI))), Math.exp(mul(decay, t))));\n    } else {\n        $bm_rt = value;\n    }\n} catch (e$$4) {\n    $bm_rt = value = value;\n}"}},"ao":0,"ef":[{"ty":5,"nm":"Elastic Controller Scale","np":5,"mn":"Pseudo/MDS Elastic Controller","ix":1,"en":1,"ef":[{"ty":0,"nm":"Amplitude","mn":"Pseudo/MDS Elastic Controller-0001","ix":1,"v":{"a":0,"k":20,"ix":1}},{"ty":0,"nm":"Frequency","mn":"Pseudo/MDS Elastic Controller-0002","ix":2,"v":{"a":0,"k":40,"ix":2}},{"ty":0,"nm":"Decay","mn":"Pseudo/MDS Elastic Controller-0003","ix":3,"v":{"a":0,"k":60,"ix":3}}]},{"ty":5,"nm":"Elastic Controller Scale","np":5,"mn":"Pseudo/MDS Elastic Controller","ix":2,"en":1,"ef":[{"ty":0,"nm":"Amplitude","mn":"Pseudo/MDS Elastic Controller-0001","ix":1,"v":{"a":0,"k":20,"ix":1}},{"ty":0,"nm":"Frequency","mn":"Pseudo/MDS Elastic Controller-0002","ix":2,"v":{"a":0,"k":40,"ix":2}},{"ty":0,"nm":"Decay","mn":"Pseudo/MDS Elastic Controller-0003","ix":3,"v":{"a":0,"k":60,"ix":3}}]}],"shapes":[{"ty":"gr","it":[{"ty":"gr","it":[{"ind":0,"ty":"sh","ix":1,"ks":{"a":0,"k":{"i":[[0,0],[0,0],[0,0]],"o":[[0,0],[0,0],[0,0]],"v":[[-9.879,-2.075],[9.879,8.108],[-2.437,-8.108]],"c":true},"ix":2},"nm":"Path 1","mn":"ADBE Vector Shape - Group","hd":false},{"ty":"mm","mm":4,"nm":"Merge Paths 1","mn":"ADBE Vector Filter - Merge","hd":false},{"ty":"fl","c":{"a":1,"k":[{"i":{"x":[0.667],"y":[1]},"o":{"x":[0.333],"y":[0]},"n":["0p667_1_0p333_0"],"t":62,"s":[0.466666696586,0.396078461292,0.784313785329,1],"e":[0.949019670486,0.674509823322,0.003921568859,1]},{"t":71}],"ix":4},"o":{"a":0,"k":100,"ix":5},"r":1,"bm":0,"nm":"Fill 1","mn":"ADBE Vector Graphic - Fill","hd":false},{"ty":"tr","p":{"a":0,"k":[235.122,193.007],"ix":2},"a":{"a":0,"k":[0,0],"ix":1},"s":{"a":0,"k":[100,100],"ix":3},"r":{"a":0,"k":0,"ix":6},"o":{"a":0,"k":100,"ix":7},"sk":{"a":0,"k":0,"ix":4},"sa":{"a":0,"k":0,"ix":5},"nm":"Transform"}],"nm":"Group 16","np":3,"cix":2,"bm":0,"ix":1,"mn":"ADBE Vector Group","hd":false},{"ty":"gr","it":[{"ind":0,"ty":"sh","ix":1,"ks":{"a":0,"k":{"i":[[0,0],[0,0],[0,0],[0,0],[0,0]],"o":[[0,0],[0,0],[0,0],[0,0],[0,0]],"v":[[-22.368,11.053],[-9.574,-11.052],[2.61,0.87],[10.052,-5.163],[22.368,11.053]],"c":true},"ix":2},"nm":"Path 1","mn":"ADBE Vector Shape - Group","hd":false},{"ty":"mm","mm":4,"nm":"Merge Paths 1","mn":"ADBE Vector Filter - Merge","hd":false},{"ty":"fl","c":{"a":1,"k":[{"i":{"x":[0.667],"y":[1]},"o":{"x":[0.333],"y":[0]},"n":["0p667_1_0p333_0"],"t":62,"s":[0.690196078431,0.650980392157,0.87450986376,1],"e":[1,0.788235366344,0,1]},{"t":71}],"ix":4},"o":{"a":0,"k":100,"ix":5},"r":1,"bm":0,"nm":"Fill 1","mn":"ADBE Vector Graphic - Fill","hd":false},{"ty":"tr","p":{"a":0,"k":[222.633,190.063],"ix":2},"a":{"a":0,"k":[0,0],"ix":1},"s":{"a":0,"k":[100,100],"ix":3},"r":{"a":0,"k":0,"ix":6},"o":{"a":0,"k":100,"ix":7},"sk":{"a":0,"k":0,"ix":4},"sa":{"a":0,"k":0,"ix":5},"nm":"Transform"}],"nm":"Group 17","np":3,"cix":2,"bm":0,"ix":2,"mn":"ADBE Vector Group","hd":false},{"ty":"gr","it":[{"ind":0,"ty":"sh","ix":1,"ks":{"a":0,"k":{"i":[[0,-1.297],[1.297,0],[0,1.297],[-1.297,0]],"o":[[0,1.297],[-1.297,0],[0,-1.297],[1.297,0]],"v":[[2.349,0],[0,2.349],[-2.348,0],[0,-2.349]],"c":true},"ix":2},"nm":"Path 1","mn":"ADBE Vector Shape - Group","hd":false},{"ty":"mm","mm":4,"nm":"Merge Paths 1","mn":"ADBE Vector Filter - Merge","hd":false},{"ty":"fl","c":{"a":1,"k":[{"i":{"x":[0.667],"y":[1]},"o":{"x":[0.333],"y":[0]},"n":["0p667_1_0p333_0"],"t":62,"s":[0.564705882353,0.505882352941,0.823529471603,1],"e":[0.941176533699,0.741176486015,0.474509835243,1]},{"t":71}],"ix":4},"o":{"a":0,"k":100,"ix":5},"r":1,"bm":0,"nm":"Fill 1","mn":"ADBE Vector Graphic - Fill","hd":false},{"ty":"tr","p":{"a":0,"k":[235.034,170.266],"ix":2},"a":{"a":0,"k":[0,0],"ix":1},"s":{"a":0,"k":[100,100],"ix":3},"r":{"a":0,"k":0,"ix":6},"o":{"a":0,"k":100,"ix":7},"sk":{"a":0,"k":0,"ix":4},"sa":{"a":0,"k":0,"ix":5},"nm":"Transform"}],"nm":"Group 18","np":3,"cix":2,"bm":0,"ix":3,"mn":"ADBE Vector Group","hd":false},{"ty":"gr","it":[{"ind":0,"ty":"sh","ix":1,"ks":{"a":0,"k":{"i":[[0,0],[0,0],[0,0],[0,0]],"o":[[0,0],[0,0],[0,0],[0,0]],"v":[[22.368,20.51],[-22.368,20.51],[-22.368,-20.51],[22.368,-20.51]],"c":true},"ix":2},"nm":"Path 1","mn":"ADBE Vector Shape - Group","hd":false},{"ty":"fl","c":{"a":1,"k":[{"i":{"x":[0.667],"y":[1]},"o":{"x":[0.333],"y":[0]},"n":["0p667_1_0p333_0"],"t":62,"s":[0.885999971278,0.870999983245,0.952999997606,1],"e":[0.992156922817,0.886274576187,0.674509823322,1]},{"t":71}],"ix":4},"o":{"a":0,"k":100,"ix":5},"r":1,"bm":0,"nm":"Fill 1","mn":"ADBE Vector Graphic - Fill","hd":false},{"ty":"tr","p":{"a":0,"k":[222.633,180.604],"ix":2},"a":{"a":0,"k":[0,0],"ix":1},"s":{"a":0,"k":[100,100],"ix":3},"r":{"a":0,"k":0,"ix":6},"o":{"a":0,"k":100,"ix":7},"sk":{"a":0,"k":0,"ix":4},"sa":{"a":0,"k":0,"ix":5},"nm":"Transform"}],"nm":"Group 19","np":2,"cix":2,"bm":0,"ix":4,"mn":"ADBE Vector Group","hd":false},{"ty":"tr","p":{"a":0,"k":[222.633,180.605],"ix":2},"a":{"a":0,"k":[222.633,180.605],"ix":1},"s":{"a":0,"k":[100,100],"ix":3},"r":{"a":0,"k":0,"ix":6},"o":{"a":0,"k":100,"ix":7},"sk":{"a":0,"k":0,"ix":4},"sa":{"a":0,"k":0,"ix":5},"nm":"Transform"}],"nm":"Picture","np":4,"cix":2,"bm":0,"ix":1,"mn":"ADBE Vector Group","hd":false}],"ip":26,"op":96,"st":18,"bm":0},{"ddd":0,"ind":20,"ty":4,"nm":"Content","parent":22,"sr":1,"ks":{"o":{"a":0,"k":100,"ix":11},"r":{"a":1,"k":[{"i":{"x":[0.649],"y":[1.023]},"o":{"x":[0.884],"y":[0]},"n":["0p649_1p023_0p884_0"],"t":57,"s":[0],"e":[-39]},{"t":81}],"ix":10,"x":"var $bm_rt;\n$bm_rt = sub(transform.rotation, thisComp.layer('Main Orbit').transform.rotation);"},"p":{"a":1,"k":[{"i":{"x":0.946,"y":0.946},"o":{"x":0.907,"y":0},"n":"0p946_0p946_0p907_0","t":57,"s":[120.843,151.463,0],"e":[4.825,0.47,0],"to":[0,0,0],"ti":[113.214210510254,71.6271362304688,0]},{"t":80}],"ix":2},"a":{"a":0,"k":[293.789,426.919,0],"ix":1},"s":{"a":1,"k":[{"i":{"x":[0.833,0.833,0.833],"y":[0.833,0.833,1]},"o":{"x":[0.333,0.333,0.333],"y":[0,0,0]},"n":["0p833_0p833_0p333_0","0p833_0p833_0p333_0","0p833_1_0p333_0"],"t":20,"s":[0,0,100],"e":[150,150,100]},{"i":{"x":[0.667,0.667,0.667],"y":[1,1,1]},"o":{"x":[0.167,0.167,0.167],"y":[0,0,0]},"n":["0p667_1_0p167_0","0p667_1_0p167_0","0p667_1_0p167_0"],"t":28,"s":[150,150,100],"e":[150,150,100]},{"i":{"x":[0.833,0.833,0.833],"y":[0.833,0.833,1]},"o":{"x":[0.333,0.333,0.333],"y":[0,0,0]},"n":["0p833_0p833_0p333_0","0p833_0p833_0p333_0","0p833_1_0p333_0"],"t":52,"s":[150,150,100],"e":[160,160,100]},{"i":{"x":[0.833,0.833,0.833],"y":[0.833,0.833,0.833]},"o":{"x":[0.167,0.167,0.167],"y":[0.167,0.167,0.167]},"n":["0p833_0p833_0p167_0p167","0p833_0p833_0p167_0p167","0p833_0p833_0p167_0p167"],"t":53,"s":[160,160,100],"e":[160,160,100]},{"i":{"x":[0.833,0.833,0.833],"y":[0.833,0.833,0.833]},"o":{"x":[0.167,0.167,0.167],"y":[0.167,0.167,0.167]},"n":["0p833_0p833_0p167_0p167","0p833_0p833_0p167_0p167","0p833_0p833_0p167_0p167"],"t":74,"s":[160,160,100],"e":[109,109,100]},{"t":82}],"ix":6,"x":"var $bm_rt;\nvar amp, freq, decay, n, n, t, t, v;\ntry {\n    amp = div(effect('Elastic Controller Scale')(1), 200);\n    freq = div(effect('Elastic Controller Scale')(2), 30);\n    decay = div(effect('Elastic Controller Scale')(3), 10);\n    $bm_rt = n = 0;\n    if (numKeys > 0) {\n        $bm_rt = n = nearestKey(time).index;\n        if (key(n).time > time) {\n            n--;\n        }\n    }\n    if (n == 0) {\n        $bm_rt = t = 0;\n    } else {\n        $bm_rt = t = sub(time, key(n).time);\n    }\n    if (n > 0) {\n        v = velocityAtTime(sub(key(n).time, div(thisComp.frameDuration, 10)));\n        $bm_rt = sum(value, div(mul(mul(v, amp), Math.sin(mul(mul(mul(freq, t), 2), Math.PI))), Math.exp(mul(decay, t))));\n    } else {\n        $bm_rt = value;\n    }\n} catch (e$$4) {\n    $bm_rt = value = value;\n}"}},"ao":0,"ef":[{"ty":5,"nm":"Elastic Controller Scale","np":5,"mn":"Pseudo/MDS Elastic Controller","ix":1,"en":1,"ef":[{"ty":0,"nm":"Amplitude","mn":"Pseudo/MDS Elastic Controller-0001","ix":1,"v":{"a":0,"k":20,"ix":1}},{"ty":0,"nm":"Frequency","mn":"Pseudo/MDS Elastic Controller-0002","ix":2,"v":{"a":0,"k":40,"ix":2}},{"ty":0,"nm":"Decay","mn":"Pseudo/MDS Elastic Controller-0003","ix":3,"v":{"a":0,"k":60,"ix":3}}]}],"shapes":[{"ty":"gr","it":[{"ty":"gr","it":[{"ty":"fl","c":{"a":1,"k":[{"i":{"x":[0.667],"y":[1]},"o":{"x":[0.333],"y":[0]},"n":["0p667_1_0p333_0"],"t":52,"s":[0.886274569642,0.870588295133,0.952941236309,1],"e":[0.992156922817,0.886274576187,0.674509823322,1]},{"t":58}],"ix":4},"o":{"a":0,"k":100,"ix":5},"r":1,"bm":0,"nm":"Fill 1","mn":"ADBE Vector Graphic - Fill","hd":false},{"ty":"tr","p":{"a":0,"k":[282.342,434.004],"ix":2},"a":{"a":0,"k":[0,0],"ix":1},"s":{"a":0,"k":[100,100],"ix":3},"r":{"a":0,"k":0,"ix":6},"o":{"a":0,"k":100,"ix":7},"sk":{"a":0,"k":0,"ix":4},"sa":{"a":0,"k":0,"ix":5},"nm":"Transform"}],"nm":"Group 13","np":3,"cix":2,"bm":0,"ix":1,"mn":"ADBE Vector Group","hd":false},{"ty":"gr","it":[{"ty":"fl","c":{"a":1,"k":[{"i":{"x":[0.667],"y":[1]},"o":{"x":[0.333],"y":[0]},"n":["0p667_1_0p333_0"],"t":52,"s":[0.886274569642,0.870588295133,0.952941236309,1],"e":[1,0.788235366344,0,1]},{"t":58}],"ix":4},"o":{"a":0,"k":100,"ix":5},"r":1,"bm":0,"nm":"Fill 1","mn":"ADBE Vector Graphic - Fill","hd":false},{"ty":"tr","p":{"a":0,"k":[293.789,414.404],"ix":2},"a":{"a":0,"k":[0,0],"ix":1},"s":{"a":0,"k":[100,100],"ix":3},"r":{"a":0,"k":0,"ix":6},"o":{"a":0,"k":100,"ix":7},"sk":{"a":0,"k":0,"ix":4},"sa":{"a":0,"k":0,"ix":5},"nm":"Transform"}],"nm":"Group 14","np":3,"cix":2,"bm":0,"ix":2,"mn":"ADBE Vector Group","hd":false},{"ty":"gr","it":[{"ind":0,"ty":"sh","ix":1,"ks":{"a":0,"k":{"i":[[0,0],[-11.09,0],[0,0]],"o":[[0,11.09],[0,0],[0,0]],"v":[[-10.04,-10.04],[10.04,10.04],[10.04,-10.04]],"c":true},"ix":2},"nm":"Path 1","mn":"ADBE Vector Shape - Group","hd":false},{"ty":"mm","mm":4,"nm":"Merge Paths 1","mn":"ADBE Vector Filter - Merge","hd":false},{"ty":"fl","c":{"a":1,"k":[{"i":{"x":[0.667],"y":[1]},"o":{"x":[0.333],"y":[0]},"n":["0p667_1_0p333_0"],"t":52,"s":[0.886274569642,0.870588295133,0.952941236309,1],"e":[0.992156922817,0.886274576187,0.674509823322,1]},{"t":58}],"ix":4},"o":{"a":0,"k":100,"ix":5},"r":1,"bm":0,"nm":"Fill 1","mn":"ADBE Vector Graphic - Fill","hd":false},{"ty":"tr","p":{"a":0,"k":[302.898,434.005],"ix":2},"a":{"a":0,"k":[0,0],"ix":1},"s":{"a":0,"k":[100,100],"ix":3},"r":{"a":0,"k":0,"ix":6},"o":{"a":0,"k":100,"ix":7},"sk":{"a":0,"k":0,"ix":4},"sa":{"a":0,"k":0,"ix":5},"nm":"Transform"}],"nm":"Group 15","np":3,"cix":2,"bm":0,"ix":3,"mn":"ADBE Vector Group","hd":false},{"ty":"tr","p":{"a":0,"k":[293.789,426.918],"ix":2},"a":{"a":0,"k":[293.789,426.918],"ix":1},"s":{"a":0,"k":[100,100],"ix":3},"r":{"a":0,"k":0,"ix":6},"o":{"a":0,"k":100,"ix":7},"sk":{"a":0,"k":0,"ix":4},"sa":{"a":0,"k":0,"ix":5},"nm":"Transform"}],"nm":"Content","np":3,"cix":2,"bm":0,"ix":1,"mn":"ADBE Vector Group","hd":false}],"ip":20,"op":86,"st":12,"bm":0},{"ddd":0,"ind":21,"ty":4,"nm":"Video","parent":22,"sr":1,"ks":{"o":{"a":0,"k":100,"ix":11},"r":{"a":1,"k":[{"i":{"x":[0.649],"y":[0.99]},"o":{"x":[0.884],"y":[0]},"n":["0p649_0p99_0p884_0"],"t":47,"s":[0],"e":[89]},{"t":70}],"ix":10,"x":"var $bm_rt;\n$bm_rt = sub(transform.rotation, thisComp.layer('Main Orbit').transform.rotation);"},"p":{"a":1,"k":[{"i":{"x":0.946,"y":0.949},"o":{"x":0.907,"y":0},"n":"0p946_0p949_0p907_0","t":47,"s":[-10.031,-187.211,0],"e":[5.85,-8.975,0],"to":[25.6723289489746,58.4011650085449,0],"ti":[8.61695098876953,-32.4023208618164,0]},{"t":69}],"ix":2},"a":{"a":0,"k":[417.575,348.65,0],"ix":1},"s":{"a":1,"k":[{"i":{"x":[0.833,0.833,0.833],"y":[0.833,0.833,1]},"o":{"x":[0.333,0.333,0.333],"y":[0,0,0]},"n":["0p833_0p833_0p333_0","0p833_0p833_0p333_0","0p833_1_0p333_0"],"t":14,"s":[0,0,100],"e":[150,150,100]},{"i":{"x":[0.667,0.667,0.667],"y":[1,1,1]},"o":{"x":[0.167,0.167,0.167],"y":[0,0,0]},"n":["0p667_1_0p167_0","0p667_1_0p167_0","0p667_1_0p167_0"],"t":22,"s":[150,150,100],"e":[150,150,100]},{"i":{"x":[0.833,0.833,0.833],"y":[0.833,0.833,-0.111]},"o":{"x":[0.333,0.333,0.333],"y":[0,0,0]},"n":["0p833_0p833_0p333_0","0p833_0p833_0p333_0","0p833_-0p111_0p333_0"],"t":40,"s":[150,150,100],"e":[160,160,100]},{"i":{"x":[0.833,0.833,0.833],"y":[0.833,0.833,0.833]},"o":{"x":[0.167,0.167,0.167],"y":[0.167,0.167,0.167]},"n":["0p833_0p833_0p167_0p167","0p833_0p833_0p167_0p167","0p833_0p833_0p167_0p167"],"t":41,"s":[160,160,100],"e":[160,160,100]},{"i":{"x":[0.833,0.833,0.833],"y":[0.833,0.833,0.833]},"o":{"x":[0.167,0.167,0.167],"y":[0.167,0.167,0.167]},"n":["0p833_0p833_0p167_0p167","0p833_0p833_0p167_0p167","0p833_0p833_0p167_0p167"],"t":63,"s":[160,160,100],"e":[109,109,100]},{"t":71}],"ix":6,"x":"var $bm_rt;\nvar amp, freq, decay, n, n, t, t, v;\ntry {\n    amp = div(effect('Elastic Controller Scale')(1), 200);\n    freq = div(effect('Elastic Controller Scale')(2), 30);\n    decay = div(effect('Elastic Controller Scale')(3), 10);\n    $bm_rt = n = 0;\n    if (numKeys > 0) {\n        $bm_rt = n = nearestKey(time).index;\n        if (key(n).time > time) {\n            n--;\n        }\n    }\n    if (n == 0) {\n        $bm_rt = t = 0;\n    } else {\n        $bm_rt = t = sub(time, key(n).time);\n    }\n    if (n > 0) {\n        v = velocityAtTime(sub(key(n).time, div(thisComp.frameDuration, 10)));\n        $bm_rt = sum(value, div(mul(mul(v, amp), Math.sin(mul(mul(mul(freq, t), 2), Math.PI))), Math.exp(mul(decay, t))));\n    } else {\n        $bm_rt = value;\n    }\n} catch (e$$4) {\n    $bm_rt = value = value;\n}"}},"ao":0,"ef":[{"ty":5,"nm":"Elastic Controller Scale","np":5,"mn":"Pseudo/MDS Elastic Controller","ix":1,"en":1,"ef":[{"ty":0,"nm":"Amplitude","mn":"Pseudo/MDS Elastic Controller-0001","ix":1,"v":{"a":0,"k":20,"ix":1}},{"ty":0,"nm":"Frequency","mn":"Pseudo/MDS Elastic Controller-0002","ix":2,"v":{"a":0,"k":40,"ix":2}},{"ty":0,"nm":"Decay","mn":"Pseudo/MDS Elastic Controller-0003","ix":3,"v":{"a":0,"k":60,"ix":3}}]}],"shapes":[{"ty":"gr","it":[{"ty":"gr","it":[{"ind":0,"ty":"sh","ix":1,"ks":{"a":0,"k":{"i":[[0,0],[0,0],[0,0],[0.841,0.055],[0,0],[0.055,-0.84]],"o":[[0.004,-0.067],[0,0],[0.054,-0.841],[0,0],[-0.841,-0.055],[0,0]],"v":[[-25.187,0.533],[25.029,3.533],[25.184,1.151],[23.76,-0.471],[-23.394,-3.53],[-25.016,-2.107]],"c":true},"ix":2},"nm":"Path 1","mn":"ADBE Vector Shape - Group","hd":false},{"ty":"mm","mm":4,"nm":"Merge Paths 1","mn":"ADBE Vector Filter - Merge","hd":false},{"ty":"fl","c":{"a":1,"k":[{"i":{"x":[0.667],"y":[1]},"o":{"x":[0.333],"y":[0]},"n":["0p667_1_0p333_0"],"t":40,"s":[0.690196078431,0.650980392157,0.874509803922,1],"e":[1,0.788235353956,0,1]},{"t":46}],"ix":4},"o":{"a":0,"k":100,"ix":5},"r":1,"bm":0,"nm":"Fill 1","mn":"ADBE Vector Graphic - Fill","hd":false},{"ty":"tr","p":{"a":0,"k":[418.557,333.385],"ix":2},"a":{"a":0,"k":[0,0],"ix":1},"s":{"a":0,"k":[100,100],"ix":3},"r":{"a":0,"k":0,"ix":6},"o":{"a":0,"k":100,"ix":7},"sk":{"a":0,"k":0,"ix":4},"sa":{"a":0,"k":0,"ix":5},"nm":"Transform"}],"nm":"Group 10","np":3,"cix":2,"bm":0,"ix":1,"mn":"ADBE Vector Group","hd":false},{"ty":"gr","it":[{"ind":0,"ty":"sh","ix":1,"ks":{"a":0,"k":{"i":[[0,0],[0,0],[0,0]],"o":[[0,0],[0,0],[0,0]],"v":[[5.11,0.64],[-4.371,-5.687],[-5.11,5.688]],"c":true},"ix":2},"nm":"Path 1","mn":"ADBE Vector Shape - Group","hd":false},{"ty":"fl","c":{"a":0,"k":[1,1,1,1],"ix":4},"o":{"a":0,"k":100,"ix":5},"r":1,"bm":0,"nm":"Fill 1","mn":"ADBE Vector Graphic - Fill","hd":false},{"ty":"tr","p":{"a":0,"k":[418.368,349.033],"ix":2},"a":{"a":0,"k":[0,0],"ix":1},"s":{"a":0,"k":[100,100],"ix":3},"r":{"a":0,"k":0,"ix":6},"o":{"a":0,"k":100,"ix":7},"sk":{"a":0,"k":0,"ix":4},"sa":{"a":0,"k":0,"ix":5},"nm":"Transform"}],"nm":"Group 11","np":2,"cix":2,"bm":0,"ix":2,"mn":"ADBE Vector Group","hd":false},{"ty":"gr","it":[{"ind":0,"ty":"sh","ix":1,"ks":{"a":0,"k":{"i":[[0,0],[0,0],[0,0],[-0.841,-0.054],[0,0],[0.054,-0.841]],"o":[[0,0],[0,0],[0.054,-0.841],[0,0],[0.841,0.054],[0,0]],"v":[[24.005,18.823],[-26.194,15.565],[-24.059,-17.345],[-22.438,-18.769],[24.716,-15.709],[26.141,-14.087]],"c":true},"ix":2},"nm":"Path 1","mn":"ADBE Vector Shape - Group","hd":false},{"ty":"fl","c":{"a":1,"k":[{"i":{"x":[0.667],"y":[1]},"o":{"x":[0.333],"y":[0]},"n":["0p667_1_0p333_0"],"t":40,"s":[0.885999971278,0.870999983245,0.952999997606,1],"e":[0.992156922817,0.886274576187,0.674509823322,1]},{"t":46}],"ix":4},"o":{"a":0,"k":100,"ix":5},"r":1,"bm":0,"nm":"Fill 1","mn":"ADBE Vector Graphic - Fill","hd":false},{"ty":"tr","p":{"a":0,"k":[417.6,348.625],"ix":2},"a":{"a":0,"k":[0,0],"ix":1},"s":{"a":0,"k":[100,100],"ix":3},"r":{"a":0,"k":0,"ix":6},"o":{"a":0,"k":100,"ix":7},"sk":{"a":0,"k":0,"ix":4},"sa":{"a":0,"k":0,"ix":5},"nm":"Transform"}],"nm":"Group 12","np":2,"cix":2,"bm":0,"ix":3,"mn":"ADBE Vector Group","hd":false},{"ty":"tr","p":{"a":0,"k":[417.575,348.65],"ix":2},"a":{"a":0,"k":[417.575,348.65],"ix":1},"s":{"a":0,"k":[100,100],"ix":3},"r":{"a":0,"k":0,"ix":6},"o":{"a":0,"k":100,"ix":7},"sk":{"a":0,"k":0,"ix":4},"sa":{"a":0,"k":0,"ix":5},"nm":"Transform"}],"nm":"Video","np":3,"cix":2,"bm":0,"ix":1,"mn":"ADBE Vector Group","hd":false}],"ip":14,"op":75,"st":6,"bm":0},{"ddd":0,"ind":22,"ty":4,"nm":"Main Orbit","sr":1,"ks":{"o":{"a":1,"k":[{"i":{"x":[0.233],"y":[1]},"o":{"x":[0.333],"y":[0]},"n":["0p233_1_0p333_0"],"t":7,"s":[50],"e":[20]},{"i":{"x":[0.83],"y":[1]},"o":{"x":[0.17],"y":[0]},"n":["0p83_1_0p17_0"],"t":31,"s":[20],"e":[20]},{"i":{"x":[0.69],"y":[1]},"o":{"x":[0.767],"y":[0]},"n":["0p69_1_0p767_0"],"t":126,"s":[20],"e":[0]},{"t":135}],"ix":11},"r":{"a":1,"k":[{"i":{"x":[0.833],"y":[0.833]},"o":{"x":[0.167],"y":[0.167]},"n":["0p833_0p833_0p167_0p167"],"t":6,"s":[0],"e":[100]},{"t":77}],"ix":10,"x":"var $bm_rt;\n$bm_rt = loopOut('continue');"},"p":{"a":0,"k":[400,300,0],"ix":2},"a":{"a":0,"k":[0,0,0],"ix":1},"s":{"a":1,"k":[{"i":{"x":[0.233,0.233,0.667],"y":[1,1,1]},"o":{"x":[0.333,0.333,0.333],"y":[0,0,0]},"n":["0p233_1_0p333_0","0p233_1_0p333_0","0p667_1_0p333_0"],"t":7,"s":[50,50,100],"e":[100,100,100]},{"i":{"x":[0.833,0.833,0.833],"y":[1,1,1]},"o":{"x":[0.167,0.167,0.167],"y":[0,0,0]},"n":["0p833_1_0p167_0","0p833_1_0p167_0","0p833_1_0p167_0"],"t":34,"s":[100,100,100],"e":[100,100,100]},{"i":{"x":[0.354,0.354,0.833],"y":[1,1,1]},"o":{"x":[0.167,0.167,0.167],"y":[0,0,0]},"n":["0p354_1_0p167_0","0p354_1_0p167_0","0p833_1_0p167_0"],"t":120,"s":[100,100,100],"e":[110,110,100]},{"i":{"x":[1,1,0.833],"y":[1,1,1]},"o":{"x":[0.598,0.598,0.167],"y":[0,0,0]},"n":["1_1_0p598_0","1_1_0p598_0","0p833_1_0p167_0"],"t":126,"s":[110,110,100],"e":[100,100,100]},{"t":132}],"ix":6,"x":"var $bm_rt;\nvar amp, freq, decay, n, n, t, t, v;\ntry {\n    amp = div(effect('Elastic Controller Scale')(1), 200);\n    freq = div(effect('Elastic Controller Scale')(2), 30);\n    decay = div(effect('Elastic Controller Scale')(3), 10);\n    $bm_rt = n = 0;\n    if (numKeys > 0) {\n        $bm_rt = n = nearestKey(time).index;\n        if (key(n).time > time) {\n            n--;\n        }\n    }\n    if (n == 0) {\n        $bm_rt = t = 0;\n    } else {\n        $bm_rt = t = sub(time, key(n).time);\n    }\n    if (n > 0) {\n        v = velocityAtTime(sub(key(n).time, div(thisComp.frameDuration, 10)));\n        $bm_rt = sum(value, div(mul(mul(v, amp), Math.sin(mul(mul(mul(freq, t), 2), Math.PI))), Math.exp(mul(decay, t))));\n    } else {\n        $bm_rt = value;\n    }\n} catch (e$$4) {\n    $bm_rt = value = value;\n}"}},"ao":0,"ef":[{"ty":5,"nm":"Elastic Controller Scale","np":5,"mn":"Pseudo/MDS Elastic Controller","ix":1,"en":1,"ef":[{"ty":0,"nm":"Amplitude","mn":"Pseudo/MDS Elastic Controller-0001","ix":1,"v":{"a":0,"k":20,"ix":1}},{"ty":0,"nm":"Frequency","mn":"Pseudo/MDS Elastic Controller-0002","ix":2,"v":{"a":0,"k":40,"ix":2}},{"ty":0,"nm":"Decay","mn":"Pseudo/MDS Elastic Controller-0003","ix":3,"v":{"a":0,"k":60,"ix":3}}]}],"shapes":[{"d":1,"ty":"el","s":{"a":0,"k":[392,392],"ix":2},"p":{"a":0,"k":[0,0],"ix":3},"nm":"Ellipse Path 1","mn":"ADBE Vector Shape - Ellipse","hd":false},{"ty":"tm","s":{"a":0,"k":0,"ix":1},"e":{"a":1,"k":[{"i":{"x":[0],"y":[1]},"o":{"x":[0.333],"y":[0]},"n":["0_1_0p333_0"],"t":7,"s":[0],"e":[100]},{"i":{"x":[0.667],"y":[1]},"o":{"x":[0.171],"y":[0]},"n":["0p667_1_0p171_0"],"t":37,"s":[100],"e":[100]},{"i":{"x":[0.694],"y":[1]},"o":{"x":[0.916],"y":[0]},"n":["0p694_1_0p916_0"],"t":105,"s":[100],"e":[0]},{"t":141}],"ix":2},"o":{"a":0,"k":138,"ix":3},"m":1,"ix":2,"nm":"Trim Paths 1","mn":"ADBE Vector Filter - Trim","hd":false},{"ty":"st","c":{"a":0,"k":[0.243137269862,0.145098039216,0.698039215686,1],"ix":3},"o":{"a":0,"k":100,"ix":4},"w":{"a":0,"k":3,"ix":5},"lc":1,"lj":1,"ml":4,"ml2":{"a":0,"k":4,"ix":8},"bm":0,"d":[{"n":"d","nm":"dash","v":{"a":0,"k":120,"ix":1}},{"n":"o","nm":"offset","v":{"a":0,"k":-89,"ix":7}}],"nm":"Stroke 1","mn":"ADBE Vector Graphic - Stroke","hd":false}],"ip":6,"op":285,"st":6,"bm":0},{"ddd":0,"ind":23,"ty":4,"nm":"Small Orbit","sr":1,"ks":{"o":{"a":1,"k":[{"i":{"x":[0.233],"y":[1]},"o":{"x":[0.333],"y":[0]},"n":["0p233_1_0p333_0"],"t":2,"s":[100],"e":[20]},{"i":{"x":[0.831],"y":[1]},"o":{"x":[0.169],"y":[0]},"n":["0p831_1_0p169_0"],"t":26,"s":[20],"e":[20]},{"i":{"x":[0.689],"y":[1]},"o":{"x":[0.767],"y":[0]},"n":["0p689_1_0p767_0"],"t":126,"s":[20],"e":[0]},{"t":135}],"ix":11},"r":{"a":1,"k":[{"i":{"x":[0.833],"y":[0.833]},"o":{"x":[0.167],"y":[0.167]},"n":["0p833_0p833_0p167_0p167"],"t":1,"s":[0],"e":[75]},{"t":26}],"ix":10,"x":"var $bm_rt;\n$bm_rt = loopOut('continue');"},"p":{"a":0,"k":[400,300,0],"ix":2},"a":{"a":0,"k":[0,0,0],"ix":1},"s":{"a":1,"k":[{"i":{"x":[0.233,0.233,0.667],"y":[1,1,1]},"o":{"x":[0.333,0.333,0.333],"y":[0,0,0]},"n":["0p233_1_0p333_0","0p233_1_0p333_0","0p667_1_0p333_0"],"t":2,"s":[40,40,100],"e":[100,100,100]},{"i":{"x":[0.833,0.833,0.833],"y":[1,1,1]},"o":{"x":[0.167,0.167,0.167],"y":[0,0,0]},"n":["0p833_1_0p167_0","0p833_1_0p167_0","0p833_1_0p167_0"],"t":29,"s":[100,100,100],"e":[100,100,100]},{"i":{"x":[0.354,0.354,0.833],"y":[1,1,1]},"o":{"x":[0.167,0.167,0.167],"y":[0,0,0]},"n":["0p354_1_0p167_0","0p354_1_0p167_0","0p833_1_0p167_0"],"t":119,"s":[100,100,100],"e":[110,110,100]},{"i":{"x":[1,1,0.833],"y":[1,1,1]},"o":{"x":[0.598,0.598,0.167],"y":[0,0,0]},"n":["1_1_0p598_0","1_1_0p598_0","0p833_1_0p167_0"],"t":125,"s":[110,110,100],"e":[100,100,100]},{"t":131}],"ix":6,"x":"var $bm_rt;\nvar amp, freq, decay, n, n, t, t, v;\ntry {\n    amp = div(effect('Elastic Controller Scale')(1), 200);\n    freq = div(effect('Elastic Controller Scale')(2), 30);\n    decay = div(effect('Elastic Controller Scale')(3), 10);\n    $bm_rt = n = 0;\n    if (numKeys > 0) {\n        $bm_rt = n = nearestKey(time).index;\n        if (key(n).time > time) {\n            n--;\n        }\n    }\n    if (n == 0) {\n        $bm_rt = t = 0;\n    } else {\n        $bm_rt = t = sub(time, key(n).time);\n    }\n    if (n > 0) {\n        v = velocityAtTime(sub(key(n).time, div(thisComp.frameDuration, 10)));\n        $bm_rt = sum(value, div(mul(mul(v, amp), Math.sin(mul(mul(mul(freq, t), 2), Math.PI))), Math.exp(mul(decay, t))));\n    } else {\n        $bm_rt = value;\n    }\n} catch (e$$4) {\n    $bm_rt = value = value;\n}"}},"ao":0,"ef":[{"ty":5,"nm":"Elastic Controller Scale","np":5,"mn":"Pseudo/MDS Elastic Controller","ix":1,"en":1,"ef":[{"ty":0,"nm":"Amplitude","mn":"Pseudo/MDS Elastic Controller-0001","ix":1,"v":{"a":0,"k":20,"ix":1}},{"ty":0,"nm":"Frequency","mn":"Pseudo/MDS Elastic Controller-0002","ix":2,"v":{"a":0,"k":40,"ix":2}},{"ty":0,"nm":"Decay","mn":"Pseudo/MDS Elastic Controller-0003","ix":3,"v":{"a":0,"k":60,"ix":3}}]}],"shapes":[{"d":1,"ty":"el","s":{"a":0,"k":[244,244],"ix":2},"p":{"a":0,"k":[0,0],"ix":3},"nm":"Ellipse Path 1","mn":"ADBE Vector Shape - Ellipse","hd":false},{"ty":"tm","s":{"a":0,"k":0,"ix":1},"e":{"a":0,"k":100,"ix":2},"o":{"a":0,"k":0,"ix":3},"m":1,"ix":2,"nm":"Trim Paths 1","mn":"ADBE Vector Filter - Trim","hd":false},{"ty":"st","c":{"a":0,"k":[0.243137269862,0.145098039216,0.698039215686,1],"ix":3},"o":{"a":0,"k":100,"ix":4},"w":{"a":0,"k":3,"ix":5},"lc":1,"lj":1,"ml":4,"ml2":{"a":0,"k":4,"ix":8},"bm":0,"d":[{"n":"d","nm":"dash","v":{"a":0,"k":24,"ix":1}},{"n":"o","nm":"offset","v":{"a":0,"k":-17,"ix":7}}],"nm":"Stroke 1","mn":"ADBE Vector Graphic - Stroke","hd":false},{"ty":"tm","s":{"a":0,"k":0,"ix":1},"e":{"a":1,"k":[{"i":{"x":[0],"y":[1]},"o":{"x":[0.333],"y":[0]},"n":["0_1_0p333_0"],"t":2,"s":[0],"e":[100]},{"i":{"x":[0.667],"y":[1]},"o":{"x":[0.171],"y":[0]},"n":["0p667_1_0p171_0"],"t":32,"s":[100],"e":[100]},{"i":{"x":[0.693],"y":[1]},"o":{"x":[0.333],"y":[0]},"n":["0p693_1_0p333_0"],"t":113,"s":[100],"e":[0]},{"t":141}],"ix":2},"o":{"a":0,"k":-20,"ix":3},"m":1,"ix":4,"nm":"Trim Paths 2","mn":"ADBE Vector Filter - Trim","hd":false}],"ip":1,"op":280,"st":1,"bm":0},{"ddd":0,"ind":24,"ty":3,"nm":"Items Orbit","sr":1,"ks":{"o":{"a":0,"k":0,"ix":11},"r":{"a":0,"k":0,"ix":10},"p":{"a":0,"k":[400,300,0],"ix":2},"a":{"a":0,"k":[0,0,0],"ix":1},"s":{"a":0,"k":[100,100,100],"ix":6}},"ao":0,"ip":0,"op":279,"st":0,"bm":0},{"ddd":0,"ind":25,"ty":4,"nm":"Shape Layer 1","sr":1,"ks":{"o":{"a":0,"k":100,"ix":11},"r":{"a":0,"k":0,"ix":10},"p":{"a":0,"k":[400,300,0],"ix":2},"a":{"a":0,"k":[0,0,0],"ix":1},"s":{"a":0,"k":[100,100,100],"ix":6}},"ao":0,"shapes":[],"ip":0,"op":270,"st":0,"bm":0},{"ddd":0,"ind":26,"ty":4,"nm":"Shape Layer 2","parent":22,"hd":true,"sr":1,"ks":{"o":{"a":0,"k":100,"ix":11},"r":{"a":0,"k":-28.104,"ix":10},"p":{"a":0,"k":[180.949,158.798,0],"ix":2},"a":{"a":0,"k":[0,0,0],"ix":1},"s":{"a":0,"k":[100,100,100],"ix":6}},"ao":0,"shapes":[{"ty":"gr","it":[{"ind":0,"ty":"sh","ix":1,"ks":{"a":0,"k":{"i":[[3.25,2.375],[3.375,-3.375],[2.625,-2.25],[-3.75,-5.75],[-1.375,1.25],[-2.75,2.875]],"o":[[-3.25,-2.375],[-3.375,3.375],[-2.625,2.25],[3.75,5.75],[1.375,-1.25],[3.475,-3.633]],"v":[[110.5,-177.125],[99.625,-175.625],[92.375,-168.875],[90.25,-157.375],[102,-156.625],[111,-164.75]],"c":true},"ix":2},"nm":"Path 1","mn":"ADBE Vector Shape - Group","hd":false},{"ty":"tm","s":{"a":1,"k":[{"i":{"x":[0.667],"y":[1]},"o":{"x":[0.333],"y":[0]},"n":["0p667_1_0p333_0"],"t":224,"s":[42],"e":[1]},{"t":257}],"ix":1},"e":{"a":1,"k":[{"i":{"x":[0.667],"y":[1]},"o":{"x":[0.333],"y":[0]},"n":["0p667_1_0p333_0"],"t":224,"s":[46],"e":[100]},{"t":257}],"ix":2},"o":{"a":0,"k":-76,"ix":3},"m":1,"ix":2,"nm":"Trim Paths 1","mn":"ADBE Vector Filter - Trim","hd":false},{"ty":"st","c":{"a":0,"k":[0.243137269862,0.145098039216,0.698039215686,1],"ix":3},"o":{"a":0,"k":100,"ix":4},"w":{"a":0,"k":9,"ix":5},"lc":1,"lj":1,"ml":4,"ml2":{"a":0,"k":4,"ix":8},"bm":0,"nm":"Stroke 1","mn":"ADBE Vector Graphic - Stroke","hd":false},{"ty":"fl","c":{"a":0,"k":[0.894117706897,0.6,0.278431372549,1],"ix":4},"o":{"a":0,"k":100,"ix":5},"r":1,"bm":0,"nm":"Fill 1","mn":"ADBE Vector Graphic - Fill","hd":false},{"ty":"tr","p":{"a":0,"k":[0,0],"ix":2},"a":{"a":0,"k":[0,0],"ix":1},"s":{"a":0,"k":[100,100],"ix":3},"r":{"a":0,"k":0,"ix":6},"o":{"a":0,"k":100,"ix":7},"sk":{"a":0,"k":0,"ix":4},"sa":{"a":0,"k":0,"ix":5},"nm":"Transform"}],"nm":"Shape 1","np":4,"cix":2,"bm":0,"ix":1,"mn":"ADBE Vector Group","hd":false}],"ip":0,"op":270,"st":0,"bm":0}],"markers":[]}