{"v":"5.4.3","fr":30,"ip":0,"op":107,"w":800,"h":600,"nm":"Head","ddd":0,"assets":[],"layers":[{"ddd":0,"ind":1,"ty":4,"nm":"Circle 8","parent":5,"sr":1,"ks":{"o":{"a":0,"k":50,"ix":11},"r":{"a":0,"k":313.004,"ix":10},"p":{"a":0,"k":[294.763,292.034,0],"ix":2},"a":{"a":0,"k":[294.755,292.118,0],"ix":1},"s":{"a":0,"k":[100,100,100],"ix":6}},"ao":0,"shapes":[{"ty":"gr","it":[{"d":1,"ty":"el","s":{"a":0,"k":[81,81],"ix":2},"p":{"a":0,"k":[0,0],"ix":3},"nm":"Ellipse Path 1","mn":"ADBE Vector Shape - Ellipse","hd":false},{"ty":"tm","s":{"a":0,"k":23,"ix":1},"e":{"a":0,"k":91,"ix":2},"o":{"a":0,"k":-36,"ix":3},"m":1,"ix":2,"nm":"Trim Paths 1","mn":"ADBE Vector Filter - Trim","hd":false},{"ty":"st","c":{"a":0,"k":[0.243137270212,0.145098045468,0.698039233685,1],"ix":3},"o":{"a":0,"k":100,"ix":4},"w":{"a":0,"k":2,"ix":5},"lc":1,"lj":1,"ml":4,"ml2":{"a":0,"k":4,"ix":8},"bm":0,"nm":"Stroke 1","mn":"ADBE Vector Graphic - Stroke","hd":false},{"ty":"tr","p":{"a":0,"k":[294.813,292.271],"ix":2},"a":{"a":0,"k":[0,0],"ix":1},"s":{"a":0,"k":[100,100],"ix":3},"r":{"a":0,"k":0,"ix":6},"o":{"a":0,"k":100,"ix":7},"sk":{"a":0,"k":0,"ix":4},"sa":{"a":0,"k":0,"ix":5},"nm":"Transform"}],"nm":"Group 4","np":3,"cix":2,"bm":0,"ix":1,"mn":"ADBE Vector Group","hd":false},{"ty":"tm","s":{"a":1,"k":[{"i":{"x":[0],"y":[1]},"o":{"x":[0.333],"y":[0]},"n":["0_1_0p333_0"],"t":16,"s":[0],"e":[100]},{"t":29}],"ix":1},"e":{"a":1,"k":[{"i":{"x":[0],"y":[1]},"o":{"x":[0.333],"y":[0]},"n":["0_1_0p333_0"],"t":13,"s":[0],"e":[100]},{"t":27}],"ix":2},"o":{"a":0,"k":0,"ix":3},"m":1,"ix":2,"nm":"Trim Paths 1","mn":"ADBE Vector Filter - Trim","hd":false}],"ip":13,"op":246,"st":-33,"bm":0},{"ddd":0,"ind":2,"ty":4,"nm":"Circle 7","parent":5,"sr":1,"ks":{"o":{"a":0,"k":50,"ix":11},"r":{"a":0,"k":230.004,"ix":10},"p":{"a":0,"k":[294.763,292.034,0],"ix":2},"a":{"a":0,"k":[294.755,292.118,0],"ix":1},"s":{"a":0,"k":[100,100,100],"ix":6}},"ao":0,"shapes":[{"ty":"gr","it":[{"d":1,"ty":"el","s":{"a":0,"k":[81,81],"ix":2},"p":{"a":0,"k":[0,0],"ix":3},"nm":"Ellipse Path 1","mn":"ADBE Vector Shape - Ellipse","hd":false},{"ty":"tm","s":{"a":0,"k":33,"ix":1},"e":{"a":0,"k":61,"ix":2},"o":{"a":0,"k":-36,"ix":3},"m":1,"ix":2,"nm":"Trim Paths 1","mn":"ADBE Vector Filter - Trim","hd":false},{"ty":"st","c":{"a":0,"k":[0.243137270212,0.145098045468,0.698039233685,1],"ix":3},"o":{"a":0,"k":100,"ix":4},"w":{"a":0,"k":2,"ix":5},"lc":1,"lj":1,"ml":4,"ml2":{"a":0,"k":4,"ix":8},"bm":0,"nm":"Stroke 1","mn":"ADBE Vector Graphic - Stroke","hd":false},{"ty":"tr","p":{"a":0,"k":[294.813,292.271],"ix":2},"a":{"a":0,"k":[0,0],"ix":1},"s":{"a":0,"k":[100,100],"ix":3},"r":{"a":0,"k":0,"ix":6},"o":{"a":0,"k":100,"ix":7},"sk":{"a":0,"k":0,"ix":4},"sa":{"a":0,"k":0,"ix":5},"nm":"Transform"}],"nm":"Group 4","np":3,"cix":2,"bm":0,"ix":1,"mn":"ADBE Vector Group","hd":false},{"ty":"gr","it":[{"ty":"tr","p":{"a":0,"k":[0,0],"ix":2},"a":{"a":0,"k":[0,0],"ix":1},"s":{"a":0,"k":[100,100],"ix":3},"r":{"a":0,"k":0,"ix":6},"o":{"a":0,"k":100,"ix":7},"sk":{"a":0,"k":0,"ix":4},"sa":{"a":0,"k":0,"ix":5},"nm":"Transform"}],"nm":"Group 3","np":0,"cix":2,"bm":0,"ix":2,"mn":"ADBE Vector Group","hd":true},{"ty":"gr","it":[{"ind":0,"ty":"sh","ix":1,"ks":{"a":0,"k":{"i":[[0,-19.001],[19.001,0],[0,19.002],[-19.002,0]],"o":[[0,19.002],[-19.002,0],[0,-19.001],[19.001,0]],"v":[[34.405,0],[0,34.405],[-34.406,0],[0,-34.405]],"c":true},"ix":2},"nm":"Path 1","mn":"ADBE Vector Shape - Group","hd":true},{"ty":"fl","c":{"a":0,"k":[0.243000000598,0.144999994016,0.698000021542,1],"ix":4},"o":{"a":0,"k":100,"ix":5},"r":1,"bm":0,"nm":"Fill 1","mn":"ADBE Vector Graphic - Fill","hd":true},{"ty":"tr","p":{"a":0,"k":[294.755,292.118],"ix":2},"a":{"a":0,"k":[0,0],"ix":1},"s":{"a":0,"k":[100,100],"ix":3},"r":{"a":0,"k":0,"ix":6},"o":{"a":0,"k":100,"ix":7},"sk":{"a":0,"k":0,"ix":4},"sa":{"a":0,"k":0,"ix":5},"nm":"Transform"}],"nm":"Group 2","np":2,"cix":2,"bm":0,"ix":3,"mn":"ADBE Vector Group","hd":true},{"ty":"tm","s":{"a":1,"k":[{"i":{"x":[0.237],"y":[1]},"o":{"x":[0.333],"y":[0]},"n":["0p237_1_0p333_0"],"t":90.004,"s":[0],"e":[100]},{"t":102.00390625}],"ix":1},"e":{"a":1,"k":[{"i":{"x":[0.237],"y":[1]},"o":{"x":[0.333],"y":[0]},"n":["0p237_1_0p333_0"],"t":86,"s":[0],"e":[100]},{"t":98}],"ix":2},"o":{"a":0,"k":0,"ix":3},"m":1,"ix":4,"nm":"Trim Paths 1","mn":"ADBE Vector Filter - Trim","hd":false}],"ip":86,"op":319,"st":40,"bm":0},{"ddd":0,"ind":3,"ty":4,"nm":"Circle 6","parent":5,"sr":1,"ks":{"o":{"a":0,"k":50,"ix":11},"r":{"a":0,"k":53.004,"ix":10},"p":{"a":0,"k":[294.763,292.034,0],"ix":2},"a":{"a":0,"k":[294.755,292.118,0],"ix":1},"s":{"a":0,"k":[100,100,100],"ix":6}},"ao":0,"shapes":[{"ty":"gr","it":[{"d":1,"ty":"el","s":{"a":0,"k":[81,81],"ix":2},"p":{"a":0,"k":[0,0],"ix":3},"nm":"Ellipse Path 1","mn":"ADBE Vector Shape - Ellipse","hd":false},{"ty":"tm","s":{"a":0,"k":33,"ix":1},"e":{"a":0,"k":61,"ix":2},"o":{"a":0,"k":-36,"ix":3},"m":1,"ix":2,"nm":"Trim Paths 1","mn":"ADBE Vector Filter - Trim","hd":false},{"ty":"st","c":{"a":0,"k":[0.243137270212,0.145098045468,0.698039233685,1],"ix":3},"o":{"a":0,"k":100,"ix":4},"w":{"a":0,"k":2,"ix":5},"lc":1,"lj":1,"ml":4,"ml2":{"a":0,"k":4,"ix":8},"bm":0,"nm":"Stroke 1","mn":"ADBE Vector Graphic - Stroke","hd":false},{"ty":"tr","p":{"a":0,"k":[294.813,292.271],"ix":2},"a":{"a":0,"k":[0,0],"ix":1},"s":{"a":0,"k":[100,100],"ix":3},"r":{"a":0,"k":0,"ix":6},"o":{"a":0,"k":100,"ix":7},"sk":{"a":0,"k":0,"ix":4},"sa":{"a":0,"k":0,"ix":5},"nm":"Transform"}],"nm":"Group 4","np":3,"cix":2,"bm":0,"ix":1,"mn":"ADBE Vector Group","hd":false},{"ty":"gr","it":[{"ty":"tr","p":{"a":0,"k":[0,0],"ix":2},"a":{"a":0,"k":[0,0],"ix":1},"s":{"a":0,"k":[100,100],"ix":3},"r":{"a":0,"k":0,"ix":6},"o":{"a":0,"k":100,"ix":7},"sk":{"a":0,"k":0,"ix":4},"sa":{"a":0,"k":0,"ix":5},"nm":"Transform"}],"nm":"Group 3","np":0,"cix":2,"bm":0,"ix":2,"mn":"ADBE Vector Group","hd":true},{"ty":"gr","it":[{"ind":0,"ty":"sh","ix":1,"ks":{"a":0,"k":{"i":[[0,-19.001],[19.001,0],[0,19.002],[-19.002,0]],"o":[[0,19.002],[-19.002,0],[0,-19.001],[19.001,0]],"v":[[34.405,0],[0,34.405],[-34.406,0],[0,-34.405]],"c":true},"ix":2},"nm":"Path 1","mn":"ADBE Vector Shape - Group","hd":true},{"ty":"fl","c":{"a":0,"k":[0.243000000598,0.144999994016,0.698000021542,1],"ix":4},"o":{"a":0,"k":100,"ix":5},"r":1,"bm":0,"nm":"Fill 1","mn":"ADBE Vector Graphic - Fill","hd":true},{"ty":"tr","p":{"a":0,"k":[294.755,292.118],"ix":2},"a":{"a":0,"k":[0,0],"ix":1},"s":{"a":0,"k":[100,100],"ix":3},"r":{"a":0,"k":0,"ix":6},"o":{"a":0,"k":100,"ix":7},"sk":{"a":0,"k":0,"ix":4},"sa":{"a":0,"k":0,"ix":5},"nm":"Transform"}],"nm":"Group 2","np":2,"cix":2,"bm":0,"ix":3,"mn":"ADBE Vector Group","hd":true},{"ty":"tm","s":{"a":1,"k":[{"i":{"x":[0.237],"y":[1]},"o":{"x":[0.333],"y":[0]},"n":["0p237_1_0p333_0"],"t":89.004,"s":[0],"e":[100]},{"t":101.00390625}],"ix":1},"e":{"a":1,"k":[{"i":{"x":[0.237],"y":[1]},"o":{"x":[0.333],"y":[0]},"n":["0p237_1_0p333_0"],"t":85,"s":[0],"e":[100]},{"t":97}],"ix":2},"o":{"a":0,"k":0,"ix":3},"m":1,"ix":4,"nm":"Trim Paths 1","mn":"ADBE Vector Filter - Trim","hd":false}],"ip":85,"op":318,"st":39,"bm":0},{"ddd":0,"ind":4,"ty":4,"nm":"Circle 2","parent":5,"td":1,"sr":1,"ks":{"o":{"a":0,"k":100,"ix":11},"r":{"a":0,"k":0,"ix":10},"p":{"a":0,"k":[294.755,292.118,0],"ix":2},"a":{"a":0,"k":[294.755,292.118,0],"ix":1},"s":{"a":0,"k":[100,100,100],"ix":6}},"ao":0,"shapes":[{"ty":"gr","it":[{"d":1,"ty":"el","s":{"a":0,"k":[34,34],"ix":2},"p":{"a":0,"k":[0,0],"ix":3},"nm":"Ellipse Path 1","mn":"ADBE Vector Shape - Ellipse","hd":false},{"ty":"tm","s":{"a":0,"k":0,"ix":1},"e":{"a":0,"k":100,"ix":2},"o":{"a":0,"k":-36,"ix":3},"m":1,"ix":2,"nm":"Trim Paths 1","mn":"ADBE Vector Filter - Trim","hd":false},{"ty":"st","c":{"a":0,"k":[0.243137270212,0.145098045468,0.698039233685,1],"ix":3},"o":{"a":0,"k":100,"ix":4},"w":{"a":0,"k":79,"ix":5,"x":"var $bm_rt;\n$bm_rt = content('Group 4').content('Ellipse Path 1').size[0];"},"lc":1,"lj":1,"ml":4,"ml2":{"a":0,"k":4,"ix":8},"bm":0,"nm":"Stroke 1","mn":"ADBE Vector Graphic - Stroke","hd":false},{"ty":"tr","p":{"a":0,"k":[294.813,292.271],"ix":2},"a":{"a":0,"k":[0,0],"ix":1},"s":{"a":0,"k":[100,100],"ix":3},"r":{"a":0,"k":0,"ix":6},"o":{"a":0,"k":100,"ix":7},"sk":{"a":0,"k":0,"ix":4},"sa":{"a":0,"k":0,"ix":5},"nm":"Transform"}],"nm":"Group 4","np":3,"cix":2,"bm":0,"ix":1,"mn":"ADBE Vector Group","hd":false},{"ty":"gr","it":[{"ty":"tr","p":{"a":0,"k":[0,0],"ix":2},"a":{"a":0,"k":[0,0],"ix":1},"s":{"a":0,"k":[100,100],"ix":3},"r":{"a":0,"k":0,"ix":6},"o":{"a":0,"k":100,"ix":7},"sk":{"a":0,"k":0,"ix":4},"sa":{"a":0,"k":0,"ix":5},"nm":"Transform"}],"nm":"Group 3","np":0,"cix":2,"bm":0,"ix":2,"mn":"ADBE Vector Group","hd":true},{"ty":"gr","it":[{"ind":0,"ty":"sh","ix":1,"ks":{"a":0,"k":{"i":[[0,-19.001],[19.001,0],[0,19.002],[-19.002,0]],"o":[[0,19.002],[-19.002,0],[0,-19.001],[19.001,0]],"v":[[34.405,0],[0,34.405],[-34.406,0],[0,-34.405]],"c":true},"ix":2},"nm":"Path 1","mn":"ADBE Vector Shape - Group","hd":true},{"ty":"fl","c":{"a":0,"k":[0.243000000598,0.144999994016,0.698000021542,1],"ix":4},"o":{"a":0,"k":100,"ix":5},"r":1,"bm":0,"nm":"Fill 1","mn":"ADBE Vector Graphic - Fill","hd":true},{"ty":"tr","p":{"a":0,"k":[294.755,292.118],"ix":2},"a":{"a":0,"k":[0,0],"ix":1},"s":{"a":0,"k":[100,100],"ix":3},"r":{"a":0,"k":0,"ix":6},"o":{"a":0,"k":100,"ix":7},"sk":{"a":0,"k":0,"ix":4},"sa":{"a":0,"k":0,"ix":5},"nm":"Transform"}],"nm":"Group 2","np":2,"cix":2,"bm":0,"ix":3,"mn":"ADBE Vector Group","hd":true}],"ip":-27,"op":302,"st":23,"bm":0},{"ddd":0,"ind":5,"ty":4,"nm":"Circle 3","tt":1,"sr":1,"ks":{"o":{"a":0,"k":100,"ix":11},"r":{"a":1,"k":[{"i":{"x":[1],"y":[1]},"o":{"x":[0.665],"y":[0]},"n":["1_1_0p665_0"],"t":5,"s":[-65],"e":[0]},{"i":{"x":[0.667],"y":[1]},"o":{"x":[0.214],"y":[0]},"n":["0p667_1_0p214_0"],"t":23,"s":[0],"e":[0]},{"i":{"x":[0.999],"y":[1]},"o":{"x":[0.537],"y":[0]},"n":["0p999_1_0p537_0"],"t":144,"s":[0],"e":[-20]},{"t":157}],"ix":10,"x":"var $bm_rt;\nvar amp, freq, decay, n, n, t, t, v;\ntry {\n    amp = div(effect('Elastic Controller Rotation')(1), 200);\n    freq = div(effect('Elastic Controller Rotation')(2), 30);\n    decay = div(effect('Elastic Controller Rotation')(3), 10);\n    $bm_rt = n = 0;\n    if (numKeys > 0) {\n        $bm_rt = n = nearestKey(time).index;\n        if (key(n).time > time) {\n            n--;\n        }\n    }\n    if (n == 0) {\n        $bm_rt = t = 0;\n    } else {\n        $bm_rt = t = sub(time, key(n).time);\n    }\n    if (n > 0) {\n        v = velocityAtTime(sub(key(n).time, div(thisComp.frameDuration, 10)));\n        $bm_rt = sum(value, div(mul(mul(v, amp), Math.sin(mul(mul(mul(freq, t), 2), Math.PI))), Math.exp(mul(decay, t))));\n    } else {\n        $bm_rt = value;\n    }\n} catch (e$$4) {\n    $bm_rt = value = value;\n}"},"p":{"a":1,"k":[{"i":{"x":0.999,"y":1},"o":{"x":0.665,"y":0},"n":"0p999_1_0p665_0","t":2,"s":[399.914,299.981,0],"e":[399.914,403.044,0],"to":[0,17.1771259307861,0],"ti":[-9.18325540055775e-8,-0.00000231341392,0]},{"i":{"x":0.667,"y":1},"o":{"x":0.211,"y":0},"n":"0p667_1_0p211_0","t":20,"s":[399.914,403.044,0],"e":[399.914,403.044,0],"to":[3.76415414393705e-8,9.48252761645563e-7,0],"ti":[8.61739408719586e-8,0.00000217086426,0]},{"i":{"x":0.954,"y":0.85},"o":{"x":0.99,"y":0},"n":"0p954_0p85_0p99_0","t":55,"s":[399.914,403.044,0],"e":[399.914,299.981,0],"to":[-9.18325540055775e-8,-0.00000231341392,0],"ti":[-5.94013727095444e-10,0.11111032962799,0]},{"t":82}],"ix":2,"x":"var $bm_rt;\nvar amp, freq, decay, n, n, t, t, v;\ntry {\n    amp = div(effect('Elastic Controller Rotation')(1), 200);\n    freq = div(effect('Elastic Controller Rotation')(2), 30);\n    decay = div(effect('Elastic Controller Rotation')(3), 10);\n    $bm_rt = n = 0;\n    if (numKeys > 0) {\n        $bm_rt = n = nearestKey(time).index;\n        if (key(n).time > time) {\n            n--;\n        }\n    }\n    if (n == 0) {\n        $bm_rt = t = 0;\n    } else {\n        $bm_rt = t = sub(time, key(n).time);\n    }\n    if (n > 0) {\n        v = velocityAtTime(sub(key(n).time, div(thisComp.frameDuration, 10)));\n        $bm_rt = sum(value, div(mul(mul(v, amp), Math.sin(mul(mul(mul(freq, t), 2), Math.PI))), Math.exp(mul(decay, t))));\n    } else {\n        $bm_rt = value;\n    }\n} catch (e$$4) {\n    $bm_rt = value = value;\n}"},"a":{"a":0,"k":[294.755,292.118,0],"ix":1},"s":{"a":1,"k":[{"i":{"x":[0.999,0.999,0.999],"y":[1,1,1]},"o":{"x":[0.665,0.665,0.665],"y":[0,0,0]},"n":["0p999_1_0p665_0","0p999_1_0p665_0","0p999_1_0p665_0"],"t":3,"s":[150,150,100],"e":[175,175,100]},{"i":{"x":[0.605,0.605,0.605],"y":[1,1,1]},"o":{"x":[0.224,0.224,0.224],"y":[0,0,0]},"n":["0p605_1_0p224_0","0p605_1_0p224_0","0p605_1_0p224_0"],"t":21,"s":[175,175,100],"e":[175,175,100]},{"i":{"x":[0.611,0.611,0.693],"y":[1,1,1]},"o":{"x":[0.773,0.773,0.343],"y":[0,0,0]},"n":["0p611_1_0p773_0","0p611_1_0p773_0","0p693_1_0p343_0"],"t":59,"s":[175,175,100],"e":[200,200,100]},{"i":{"x":[1,1,0.833],"y":[1,1,-0.831]},"o":{"x":[0.582,0.582,0.333],"y":[0,0,0]},"n":["1_1_0p582_0","1_1_0p582_0","0p833_-0p831_0p333_0"],"t":82,"s":[200,200,100],"e":[150,150,100]},{"t":91}],"ix":6,"x":"var $bm_rt;\nvar amp, freq, decay, n, n, t, t, v;\ntry {\n    amp = div(effect('Elastic Controller Rotation')(1), 200);\n    freq = div(effect('Elastic Controller Rotation')(2), 30);\n    decay = div(effect('Elastic Controller Rotation')(3), 10);\n    $bm_rt = n = 0;\n    if (numKeys > 0) {\n        $bm_rt = n = nearestKey(time).index;\n        if (key(n).time > time) {\n            n--;\n        }\n    }\n    if (n == 0) {\n        $bm_rt = t = 0;\n    } else {\n        $bm_rt = t = sub(time, key(n).time);\n    }\n    if (n > 0) {\n        v = velocityAtTime(sub(key(n).time, div(thisComp.frameDuration, 10)));\n        $bm_rt = sum(value, div(mul(mul(v, amp), Math.sin(mul(mul(mul(freq, t), 2), Math.PI))), Math.exp(mul(decay, t))));\n    } else {\n        $bm_rt = value;\n    }\n} catch (e$$4) {\n    $bm_rt = value = value;\n}"}},"ao":0,"ef":[{"ty":5,"nm":"Elastic Controller Start - Trim Paths 1","np":5,"mn":"Pseudo/MDS Elastic Controller","ix":1,"en":1,"ef":[{"ty":0,"nm":"Amplitude","mn":"Pseudo/MDS Elastic Controller-0001","ix":1,"v":{"a":0,"k":20,"ix":1}},{"ty":0,"nm":"Frequency","mn":"Pseudo/MDS Elastic Controller-0002","ix":2,"v":{"a":0,"k":40,"ix":2}},{"ty":0,"nm":"Decay","mn":"Pseudo/MDS Elastic Controller-0003","ix":3,"v":{"a":0,"k":60,"ix":3}}]},{"ty":5,"nm":"Elastic Controller Rotation","np":5,"mn":"Pseudo/MDS Elastic Controller","ix":2,"en":1,"ef":[{"ty":0,"nm":"Amplitude","mn":"Pseudo/MDS Elastic Controller-0001","ix":1,"v":{"a":0,"k":20,"ix":1}},{"ty":0,"nm":"Frequency","mn":"Pseudo/MDS Elastic Controller-0002","ix":2,"v":{"a":0,"k":40,"ix":2}},{"ty":0,"nm":"Decay","mn":"Pseudo/MDS Elastic Controller-0003","ix":3,"v":{"a":0,"k":60,"ix":3}}]}],"shapes":[{"ty":"gr","it":[{"d":1,"ty":"el","s":{"a":0,"k":[61,61],"ix":2},"p":{"a":0,"k":[0,0],"ix":3},"nm":"Ellipse Path 1","mn":"ADBE Vector Shape - Ellipse","hd":false},{"ty":"tm","s":{"a":1,"k":[{"i":{"x":[0.667],"y":[1]},"o":{"x":[0.887],"y":[0]},"n":["0p667_1_0p887_0"],"t":5,"s":[0],"e":[50]},{"i":{"x":[0.667],"y":[1]},"o":{"x":[0.222],"y":[0]},"n":["0p667_1_0p222_0"],"t":23,"s":[50],"e":[50]},{"i":{"x":[0.723],"y":[0.723]},"o":{"x":[0.339],"y":[0.006]},"n":["0p723_0p723_0p339_0p006"],"t":78,"s":[50],"e":[0]},{"t":92}],"ix":1},"e":{"a":0,"k":100,"ix":2},"o":{"a":0,"k":-90,"ix":3},"m":1,"ix":2,"nm":"Trim Paths 1","mn":"ADBE Vector Filter - Trim","hd":false},{"ty":"st","c":{"a":0,"k":[0.243137270212,0.145098045468,0.698039233685,1],"ix":3},"o":{"a":0,"k":100,"ix":4},"w":{"a":0,"k":79,"ix":5,"x":"var $bm_rt;\n$bm_rt = content('Group 4').content('Ellipse Path 1').size[0];"},"lc":1,"lj":1,"ml":4,"ml2":{"a":0,"k":4,"ix":8},"bm":0,"nm":"Stroke 1","mn":"ADBE Vector Graphic - Stroke","hd":false},{"ty":"tr","p":{"a":0,"k":[294.813,292.271],"ix":2},"a":{"a":0,"k":[0,0],"ix":1},"s":{"a":0,"k":[100,100],"ix":3},"r":{"a":0,"k":0,"ix":6},"o":{"a":0,"k":100,"ix":7},"sk":{"a":0,"k":0,"ix":4},"sa":{"a":0,"k":0,"ix":5},"nm":"Transform"}],"nm":"Group 4","np":3,"cix":2,"bm":0,"ix":1,"mn":"ADBE Vector Group","hd":false}],"ip":-27,"op":302,"st":23,"bm":0},{"ddd":0,"ind":6,"ty":4,"nm":"Group 2","parent":5,"sr":1,"ks":{"o":{"a":0,"k":100,"ix":11},"r":{"a":1,"k":[{"i":{"x":[0.667],"y":[1]},"o":{"x":[0.887],"y":[0]},"n":["0p667_1_0p887_0"],"t":5,"s":[-180],"e":[0]},{"t":23}],"ix":10},"p":{"a":0,"k":[294.955,292.278,0],"ix":2,"x":"var $bm_rt;\nvar amp, freq, decay, n, n, t, t, v;\ntry {\n    amp = div(effect('Elastic Controller Position')(1), 200);\n    freq = div(effect('Elastic Controller Position')(2), 30);\n    decay = div(effect('Elastic Controller Position')(3), 10);\n    $bm_rt = n = 0;\n    if (numKeys > 0) {\n        $bm_rt = n = nearestKey(time).index;\n        if (key(n).time > time) {\n            n--;\n        }\n    }\n    if (n == 0) {\n        $bm_rt = t = 0;\n    } else {\n        $bm_rt = t = sub(time, key(n).time);\n    }\n    if (n > 0) {\n        v = velocityAtTime(sub(key(n).time, div(thisComp.frameDuration, 10)));\n        $bm_rt = sum(value, div(mul(mul(v, amp), Math.sin(mul(mul(mul(freq, t), 2), Math.PI))), Math.exp(mul(decay, t))));\n    } else {\n        $bm_rt = value;\n    }\n} catch (e$$4) {\n    $bm_rt = value = value;\n}"},"a":{"a":0,"k":[436.562,416.798,0],"ix":1},"s":{"a":0,"k":[64.667,64.667,100],"ix":6}},"ao":0,"ef":[{"ty":5,"nm":"Elastic Controller Position","np":5,"mn":"Pseudo/MDS Elastic Controller","ix":1,"en":1,"ef":[{"ty":0,"nm":"Amplitude","mn":"Pseudo/MDS Elastic Controller-0001","ix":1,"v":{"a":0,"k":20,"ix":1}},{"ty":0,"nm":"Frequency","mn":"Pseudo/MDS Elastic Controller-0002","ix":2,"v":{"a":0,"k":40,"ix":2}},{"ty":0,"nm":"Decay","mn":"Pseudo/MDS Elastic Controller-0003","ix":3,"v":{"a":0,"k":60,"ix":3}}]},{"ty":5,"nm":"Elastic Controller Rotation","np":5,"mn":"Pseudo/MDS Elastic Controller","ix":2,"en":1,"ef":[{"ty":0,"nm":"Amplitude","mn":"Pseudo/MDS Elastic Controller-0001","ix":1,"v":{"a":0,"k":20,"ix":1}},{"ty":0,"nm":"Frequency","mn":"Pseudo/MDS Elastic Controller-0002","ix":2,"v":{"a":0,"k":40,"ix":2}},{"ty":0,"nm":"Decay","mn":"Pseudo/MDS Elastic Controller-0003","ix":3,"v":{"a":0,"k":60,"ix":3}}]}],"shapes":[{"ty":"gr","it":[{"ind":0,"ty":"sh","ix":1,"ks":{"a":1,"k":[{"i":{"x":0.667,"y":1},"o":{"x":0.99,"y":0},"n":"0p667_1_0p99_0","t":55,"s":[{"i":[[0,0],[0,0],[0,0],[0,0]],"o":[[0,0],[0,0],[0,0],[0,0]],"v":[[-24.935,-12.196],[-53.267,12.196],[53.267,12.196],[25.928,2.378]],"c":true}],"e":[{"i":[[0,0],[0,0],[0,0],[0,0]],"o":[[0,0],[0,0],[0,0],[0,0]],"v":[[-24.876,12.289],[-53.267,12.196],[53.267,12.196],[25.87,12.558]],"c":true}]},{"t":82}],"ix":2},"nm":"Path 1","mn":"ADBE Vector Shape - Group","hd":false},{"ty":"fl","c":{"a":0,"k":[0.243137269862,0.145098039216,0.698039215686,1],"ix":4},"o":{"a":0,"k":100,"ix":5},"r":1,"bm":0,"nm":"Fill 1","mn":"ADBE Vector Graphic - Fill","hd":false},{"ty":"tr","p":{"a":0,"k":[436.562,404.602],"ix":2},"a":{"a":0,"k":[0,0],"ix":1},"s":{"a":0,"k":[100,100],"ix":3},"r":{"a":0,"k":0,"ix":6},"o":{"a":0,"k":100,"ix":7},"sk":{"a":0,"k":0,"ix":4},"sa":{"a":0,"k":0,"ix":5},"nm":"Transform"}],"nm":"Group 2","np":2,"cix":2,"bm":0,"ix":1,"mn":"ADBE Vector Group","hd":false}],"ip":0,"op":210,"st":0,"bm":0},{"ddd":0,"ind":7,"ty":4,"nm":"Mask","parent":5,"td":1,"sr":1,"ks":{"o":{"a":0,"k":100,"ix":11},"r":{"a":0,"k":0,"ix":10},"p":{"a":0,"k":[220.089,267.452,0],"ix":2},"a":{"a":0,"k":[0,0,0],"ix":1},"s":{"a":0,"k":[66.667,66.667,100],"ix":6}},"ao":0,"shapes":[{"ty":"gr","it":[{"ind":0,"ty":"sh","ix":1,"ks":{"a":0,"k":{"i":[[0,0],[0,0],[0,0],[0,0],[0,0],[0,0],[0,0]],"o":[[0,0],[0,0],[0,0],[0,0],[0,0],[0,0],[0,0]],"v":[[375.859,-94.721],[375.859,94.721],[-375.859,94.721],[-375.859,-94.721],[-68.91,-135.661],[-0.349,-130.319],[56.141,-132.721]],"c":true},"ix":2},"nm":"Path 1","mn":"ADBE Vector Shape - Group","hd":false},{"ty":"st","c":{"a":0,"k":[0.243137000589,0.145097994337,0.698038976333,1],"ix":3},"o":{"a":0,"k":100,"ix":4},"w":{"a":0,"k":5,"ix":5},"lc":1,"lj":1,"ml":4,"ml2":{"a":0,"k":4,"ix":8},"bm":0,"nm":"Stroke 1","mn":"ADBE Vector Graphic - Stroke","hd":false},{"ty":"fl","c":{"a":0,"k":[0.243137269862,0.145098039216,0.698039215686,1],"ix":4},"o":{"a":0,"k":100,"ix":5},"r":1,"bm":0,"nm":"Fill 1","mn":"ADBE Vector Graphic - Fill","hd":false},{"ty":"tr","p":{"a":0,"k":[96.859,175.721],"ix":2},"a":{"a":0,"k":[0,0],"ix":1},"s":{"a":0,"k":[100,100],"ix":3},"r":{"a":0,"k":0,"ix":6},"o":{"a":0,"k":100,"ix":7},"sk":{"a":0,"k":0,"ix":4},"sa":{"a":0,"k":0,"ix":5},"nm":"Transform"}],"nm":"Rectangle 1","np":3,"cix":2,"bm":0,"ix":1,"mn":"ADBE Vector Group","hd":false}],"ip":0,"op":210,"st":0,"bm":0},{"ddd":0,"ind":8,"ty":4,"nm":"Head","parent":5,"tt":2,"sr":1,"ks":{"o":{"a":0,"k":100,"ix":11},"r":{"a":1,"k":[{"i":{"x":[1],"y":[1]},"o":{"x":[0.887],"y":[0]},"n":["1_1_0p887_0"],"t":10,"s":[12],"e":[0]},{"i":{"x":[0.667],"y":[1]},"o":{"x":[0.229],"y":[0]},"n":["0p667_1_0p229_0"],"t":28,"s":[0],"e":[0]},{"i":{"x":[0.667],"y":[1]},"o":{"x":[0.99],"y":[0]},"n":["0p667_1_0p99_0"],"t":59,"s":[0],"e":[21]},{"t":82}],"ix":10,"x":"var $bm_rt;\nvar amp, freq, decay, n, n, t, t, v;\ntry {\n    amp = div(effect('Elastic Controller Rotation')(1), 200);\n    freq = div(effect('Elastic Controller Rotation')(2), 30);\n    decay = div(effect('Elastic Controller Rotation')(3), 10);\n    $bm_rt = n = 0;\n    if (numKeys > 0) {\n        $bm_rt = n = nearestKey(time).index;\n        if (key(n).time > time) {\n            n--;\n        }\n    }\n    if (n == 0) {\n        $bm_rt = t = 0;\n    } else {\n        $bm_rt = t = sub(time, key(n).time);\n    }\n    if (n > 0) {\n        v = velocityAtTime(sub(key(n).time, div(thisComp.frameDuration, 10)));\n        $bm_rt = sum(value, div(mul(mul(v, amp), Math.sin(mul(mul(mul(freq, t), 2), Math.PI))), Math.exp(mul(decay, t))));\n    } else {\n        $bm_rt = value;\n    }\n} catch (e$$4) {\n    $bm_rt = value = value;\n}"},"p":{"a":1,"k":[{"i":{"x":0.611,"y":0.719},"o":{"x":0.887,"y":0},"n":"0p611_0p719_0p887_0","t":8,"s":[252.918,331.857,0],"e":[281.207,278.945,0],"to":[0,0,0],"ti":[1.15595090389252,21.2943744659424,0]},{"i":{"x":0.667,"y":1},"o":{"x":0.226,"y":0},"n":"0p667_1_0p226_0","t":26,"s":[281.207,278.945,0],"e":[281.207,278.945,0],"to":[0.00374592607841,0.73887497186661,0],"ti":[0,0,0]},{"i":{"x":0.667,"y":1},"o":{"x":0.99,"y":0},"n":"0p667_1_0p99_0","t":59,"s":[281.207,278.945,0],"e":[263.679,363.411,0],"to":[0,0,0],"ti":[0,0,0]},{"t":82}],"ix":2,"x":"var $bm_rt;\nvar amp, freq, decay, n, n, t, t, v;\ntry {\n    amp = div(effect('Elastic Controller Position')(1), 200);\n    freq = div(effect('Elastic Controller Position')(2), 30);\n    decay = div(effect('Elastic Controller Position')(3), 10);\n    $bm_rt = n = 0;\n    if (numKeys > 0) {\n        $bm_rt = n = nearestKey(time).index;\n        if (key(n).time > time) {\n            n--;\n        }\n    }\n    if (n == 0) {\n        $bm_rt = t = 0;\n    } else {\n        $bm_rt = t = sub(time, key(n).time);\n    }\n    if (n > 0) {\n        v = velocityAtTime(sub(key(n).time, div(thisComp.frameDuration, 10)));\n        $bm_rt = sum(value, div(mul(mul(v, amp), Math.sin(mul(mul(mul(freq, t), 2), Math.PI))), Math.exp(mul(decay, t))));\n    } else {\n        $bm_rt = value;\n    }\n} catch (e$$4) {\n    $bm_rt = value = value;\n}"},"a":{"a":0,"k":[415.303,396.695,0],"ix":1},"s":{"a":0,"k":[64.667,64.667,100],"ix":6}},"ao":0,"ef":[{"ty":5,"nm":"Elastic Controller Rotation","np":5,"mn":"Pseudo/MDS Elastic Controller","ix":1,"en":1,"ef":[{"ty":0,"nm":"Amplitude","mn":"Pseudo/MDS Elastic Controller-0001","ix":1,"v":{"a":0,"k":20,"ix":1}},{"ty":0,"nm":"Frequency","mn":"Pseudo/MDS Elastic Controller-0002","ix":2,"v":{"a":0,"k":40,"ix":2}},{"ty":0,"nm":"Decay","mn":"Pseudo/MDS Elastic Controller-0003","ix":3,"v":{"a":0,"k":60,"ix":3}}]},{"ty":5,"nm":"Elastic Controller Position","np":5,"mn":"Pseudo/MDS Elastic Controller","ix":2,"en":1,"ef":[{"ty":0,"nm":"Amplitude","mn":"Pseudo/MDS Elastic Controller-0001","ix":1,"v":{"a":0,"k":20,"ix":1}},{"ty":0,"nm":"Frequency","mn":"Pseudo/MDS Elastic Controller-0002","ix":2,"v":{"a":0,"k":40,"ix":2}},{"ty":0,"nm":"Decay","mn":"Pseudo/MDS Elastic Controller-0003","ix":3,"v":{"a":0,"k":60,"ix":3}}]},{"ty":5,"nm":"Elastic Controller Rotation - Transform","np":5,"mn":"Pseudo/MDS Elastic Controller","ix":3,"en":1,"ef":[{"ty":0,"nm":"Amplitude","mn":"Pseudo/MDS Elastic Controller-0001","ix":1,"v":{"a":0,"k":20,"ix":1}},{"ty":0,"nm":"Frequency","mn":"Pseudo/MDS Elastic Controller-0002","ix":2,"v":{"a":0,"k":40,"ix":2}},{"ty":0,"nm":"Decay","mn":"Pseudo/MDS Elastic Controller-0003","ix":3,"v":{"a":0,"k":60,"ix":3}}]}],"shapes":[{"ty":"gr","it":[{"ind":0,"ty":"sh","ix":1,"ks":{"a":0,"k":{"i":[[0,-1.642],[1.641,0],[0,1.641],[-1.641,0]],"o":[[0,1.641],[-1.641,0],[0,-1.642],[1.641,0]],"v":[[2.972,0],[0,2.972],[-2.972,0],[0,-2.972]],"c":true},"ix":2},"nm":"Path 1","mn":"ADBE Vector Shape - Group","hd":false},{"ty":"fl","c":{"a":0,"k":[0.270999983245,0.097999999102,0.722000002394,1],"ix":4},"o":{"a":0,"k":100,"ix":5},"r":1,"bm":0,"nm":"Fill 1","mn":"ADBE Vector Graphic - Fill","hd":false},{"ty":"tr","p":{"a":0,"k":[460.823,333.966],"ix":2},"a":{"a":0,"k":[0,0],"ix":1},"s":{"a":0,"k":[100,100],"ix":3},"r":{"a":0,"k":0,"ix":6},"o":{"a":0,"k":100,"ix":7},"sk":{"a":0,"k":0,"ix":4},"sa":{"a":0,"k":0,"ix":5},"nm":"Transform"}],"nm":"Group 3","np":2,"cix":2,"bm":0,"ix":1,"mn":"ADBE Vector Group","hd":false},{"ty":"gr","it":[{"ind":0,"ty":"sh","ix":1,"ks":{"a":0,"k":{"i":[[0,0],[0,0],[0,0],[0,0],[0,0]],"o":[[0,0],[0,0],[0,0],[0,0],[0,0]],"v":[[24.584,13.127],[26.279,-7.457],[-26.279,-7.118],[-26.009,7.486],[19.78,47.005]],"c":true},"ix":2},"nm":"Path 1","mn":"ADBE Vector Shape - Group","hd":false},{"ty":"mm","mm":4,"nm":"Merge Paths 1","mn":"ADBE Vector Filter - Merge","hd":false},{"ty":"fl","c":{"a":0,"k":[0.270999983245,0.097999999102,0.722000002394,1],"ix":4},"o":{"a":0,"k":100,"ix":5},"r":1,"bm":0,"nm":"Fill 1","mn":"ADBE Vector Graphic - Fill","hd":false},{"ty":"tr","p":{"a":0,"k":[437.347,399.109],"ix":2},"a":{"a":0,"k":[0,0],"ix":1},"s":{"a":0,"k":[100,100],"ix":3},"r":{"a":0,"k":0,"ix":6},"o":{"a":0,"k":50,"ix":7},"sk":{"a":0,"k":0,"ix":4},"sa":{"a":0,"k":0,"ix":5},"nm":"Transform"}],"nm":"Group 4","np":3,"cix":2,"bm":0,"ix":2,"mn":"ADBE Vector Group","hd":false},{"ty":"gr","it":[{"ind":0,"ty":"sh","ix":1,"ks":{"a":0,"k":{"i":[[0,0],[0,0],[0,0],[0,0]],"o":[[0,0],[0,0],[0,0],[0,0]],"v":[[9.074,-10.89],[-9.075,-10.302],[-3.097,10.89],[-3.15,-8.701]],"c":true},"ix":2},"nm":"Path 1","mn":"ADBE Vector Shape - Group","hd":false},{"ty":"mm","mm":4,"nm":"Merge Paths 1","mn":"ADBE Vector Filter - Merge","hd":false},{"ty":"fl","c":{"a":0,"k":[0.270999983245,0.097999999102,0.722000002394,1],"ix":4},"o":{"a":0,"k":100,"ix":5},"r":1,"bm":0,"nm":"Fill 1","mn":"ADBE Vector Graphic - Fill","hd":false},{"ty":"tr","p":{"a":0,"k":[484.627,359.536],"ix":2},"a":{"a":0,"k":[0,0],"ix":1},"s":{"a":0,"k":[100,100],"ix":3},"r":{"a":0,"k":0,"ix":6},"o":{"a":0,"k":50,"ix":7},"sk":{"a":0,"k":0,"ix":4},"sa":{"a":0,"k":0,"ix":5},"nm":"Transform"}],"nm":"Group 5","np":3,"cix":2,"bm":0,"ix":3,"mn":"ADBE Vector Group","hd":false},{"ty":"gr","it":[{"ind":0,"ty":"sh","ix":1,"ks":{"a":0,"k":{"i":[[0,0],[0,0],[0,0],[1.268,-4.775],[-3.737,-1.023],[0,0],[0,0],[0,0],[0,0],[6.619,11.317]],"o":[[0,0],[0,0],[-3.752,-0.963],[-1.268,4.777],[0,0],[0,0],[0,0],[0,0],[0,0],[-5.991,-10.242]],"v":[[15.801,-43.398],[-19.111,-40.302],[-24.208,-21.089],[-33.283,-14.211],[-28.811,-3.736],[-41.316,43.398],[28.932,43.398],[29.092,2.243],[41.316,0.054],[27.438,-18.523]],"c":true},"ix":2},"nm":"Path 1","mn":"ADBE Vector Shape - Group","hd":false},{"ty":"fl","c":{"a":0,"k":[0.885999971278,0.862999949736,0.957000014361,1],"ix":4},"o":{"a":0,"k":100,"ix":5},"r":1,"bm":0,"nm":"Fill 1","mn":"ADBE Vector Graphic - Fill","hd":false},{"ty":"tr","p":{"a":0,"k":[452.385,348.594],"ix":2},"a":{"a":0,"k":[0,0],"ix":1},"s":{"a":0,"k":[100,100],"ix":3},"r":{"a":0,"k":0,"ix":6},"o":{"a":0,"k":100,"ix":7},"sk":{"a":0,"k":0,"ix":4},"sa":{"a":0,"k":0,"ix":5},"nm":"Transform"}],"nm":"Group 6","np":2,"cix":2,"bm":0,"ix":4,"mn":"ADBE Vector Group","hd":false},{"ty":"gr","it":[{"ind":0,"ty":"sh","ix":1,"ks":{"a":0,"k":{"i":[[9.637,-0.864],[-0.583,-6.51],[0,0]],"o":[[-9.637,0.864],[0,0],[-0.584,-6.51]],"v":[[-0.765,-6.244],[-17.158,7.107],[17.741,3.979]],"c":true},"ix":2},"nm":"Path 1","mn":"ADBE Vector Shape - Group","hd":false},{"ty":"fl","c":{"a":0,"k":[0.885999971278,0.862999949736,0.957000014361,1],"ix":4},"o":{"a":0,"k":100,"ix":5},"r":1,"bm":0,"nm":"Fill 1","mn":"ADBE Vector Graphic - Fill","hd":false},{"ty":"tr","p":{"a":0,"k":[433.237,308.317],"ix":2},"a":{"a":0,"k":[-17.19,7.107],"ix":1},"s":{"a":0,"k":[100,100],"ix":3},"r":{"a":1,"k":[{"i":{"x":[0.833],"y":[0.833]},"o":{"x":[0.333],"y":[0]},"n":["0p833_0p833_0p333_0"],"t":30,"s":[0],"e":[-126]},{"i":{"x":[0.667],"y":[1]},"o":{"x":[0.167],"y":[0]},"n":["0p667_1_0p167_0"],"t":42,"s":[-126],"e":[-126]},{"i":{"x":[0.338],"y":[1]},"o":{"x":[0.645],"y":[0]},"n":["0p338_1_0p645_0"],"t":68,"s":[-126],"e":[0]},{"t":89}],"ix":6,"x":"var $bm_rt;\nvar amp, freq, decay, n, n, t, t, v;\ntry {\n    amp = div(effect('Elastic Controller Rotation - Transform')(1), 200);\n    freq = div(effect('Elastic Controller Rotation - Transform')(2), 30);\n    decay = div(effect('Elastic Controller Rotation - Transform')(3), 10);\n    $bm_rt = n = 0;\n    if (numKeys > 0) {\n        $bm_rt = n = nearestKey(time).index;\n        if (key(n).time > time) {\n            n--;\n        }\n    }\n    if (n == 0) {\n        $bm_rt = t = 0;\n    } else {\n        $bm_rt = t = sub(time, key(n).time);\n    }\n    if (n > 0) {\n        v = velocityAtTime(sub(key(n).time, div(thisComp.frameDuration, 10)));\n        $bm_rt = sum(value, div(mul(mul(v, amp), Math.sin(mul(mul(mul(freq, t), 2), Math.PI))), Math.exp(mul(decay, t))));\n    } else {\n        $bm_rt = value;\n    }\n} catch (e$$4) {\n    $bm_rt = value = value;\n}"},"o":{"a":0,"k":100,"ix":7},"sk":{"a":0,"k":0,"ix":4},"sa":{"a":0,"k":0,"ix":5},"nm":"Transform"}],"nm":"Group 7","np":2,"cix":2,"bm":0,"ix":5,"mn":"ADBE Vector Group","hd":false},{"ty":"gr","it":[{"ind":0,"ty":"sh","ix":1,"ks":{"a":0,"k":{"i":[[0,-1.642],[1.641,0],[0,1.641],[-1.641,0]],"o":[[0,1.641],[-1.641,0],[0,-1.642],[1.641,0]],"v":[[2.972,0],[0,2.972],[-2.972,0],[0,-2.972]],"c":true},"ix":2},"nm":"Path 1","mn":"ADBE Vector Shape - Group","hd":false},{"ty":"fl","c":{"a":0,"k":[0.270999983245,0.097999999102,0.722000002394,1],"ix":4},"o":{"a":0,"k":100,"ix":5},"r":1,"bm":0,"nm":"Fill 1","mn":"ADBE Vector Graphic - Fill","hd":false},{"ty":"tr","p":{"a":0,"k":[460.823,333.966],"ix":2},"a":{"a":0,"k":[0,0],"ix":1},"s":{"a":0,"k":[100,100],"ix":3},"r":{"a":0,"k":0,"ix":6},"o":{"a":0,"k":100,"ix":7},"sk":{"a":0,"k":0,"ix":4},"sa":{"a":0,"k":0,"ix":5},"nm":"Transform"}],"nm":"Group 8","np":2,"cix":2,"bm":0,"ix":6,"mn":"ADBE Vector Group","hd":false}],"ip":0,"op":210,"st":0,"bm":0},{"ddd":0,"ind":9,"ty":4,"nm":"Shape Layer 2","hd":true,"sr":1,"ks":{"o":{"a":0,"k":50,"ix":11},"r":{"a":0,"k":1.184,"ix":10},"p":{"a":0,"k":[405.196,287.337,0],"ix":2},"a":{"a":0,"k":[0,0,0],"ix":1},"s":{"a":0,"k":[141.615,141.615,100],"ix":6}},"ao":0,"shapes":[{"ty":"gr","it":[{"ind":0,"ty":"sh","ix":1,"ks":{"a":0,"k":{"i":[[-7.269,31.987],[-15.605,8.758]],"o":[[3.148,-13.851],[14.85,-8.334]],"v":[[5.586,-35.301],[28.047,-66.463]],"c":false},"ix":2},"nm":"Path 1","mn":"ADBE Vector Shape - Group","hd":false},{"ty":"st","c":{"a":0,"k":[0.243137000589,0.145097994337,0.698038976333,1],"ix":3},"o":{"a":0,"k":100,"ix":4},"w":{"a":0,"k":2,"ix":5},"lc":1,"lj":1,"ml":4,"ml2":{"a":0,"k":4,"ix":8},"bm":0,"nm":"Stroke 1","mn":"ADBE Vector Graphic - Stroke","hd":false},{"ty":"fl","c":{"a":0,"k":[0.243137000589,0.145097994337,0.698038976333,1],"ix":4},"o":{"a":0,"k":100,"ix":5},"r":1,"bm":0,"nm":"Fill 1","mn":"ADBE Vector Graphic - Fill","hd":true},{"ty":"tr","p":{"a":0,"k":[0,0],"ix":2},"a":{"a":0,"k":[0,0],"ix":1},"s":{"a":0,"k":[100,100],"ix":3},"r":{"a":0,"k":0,"ix":6},"o":{"a":0,"k":100,"ix":7},"sk":{"a":0,"k":0,"ix":4},"sa":{"a":0,"k":0,"ix":5},"nm":"Transform"}],"nm":"Shape 1","np":3,"cix":2,"bm":0,"ix":1,"mn":"ADBE Vector Group","hd":false},{"ty":"tm","s":{"a":1,"k":[{"i":{"x":[0],"y":[1]},"o":{"x":[0.333],"y":[0]},"n":["0_1_0p333_0"],"t":36.004,"s":[0],"e":[100]},{"t":49.00390625}],"ix":1},"e":{"a":1,"k":[{"i":{"x":[0],"y":[1]},"o":{"x":[0.333],"y":[0]},"n":["0_1_0p333_0"],"t":33,"s":[0],"e":[100]},{"t":46}],"ix":2},"o":{"a":0,"k":0,"ix":3},"m":1,"ix":2,"nm":"Trim Paths 1","mn":"ADBE Vector Filter - Trim","hd":false}],"ip":33,"op":243,"st":33,"bm":0},{"ddd":0,"ind":10,"ty":4,"nm":"Shape Layer 1","hd":true,"sr":1,"ks":{"o":{"a":0,"k":50,"ix":11},"r":{"a":0,"k":1.184,"ix":10},"p":{"a":0,"k":[405.196,287.337,0],"ix":2},"a":{"a":0,"k":[0,0,0],"ix":1},"s":{"a":0,"k":[141.615,141.615,100],"ix":6}},"ao":0,"shapes":[{"ty":"gr","it":[{"ind":0,"ty":"sh","ix":1,"ks":{"a":0,"k":{"i":[[11.764,30.62],[12.208,4.652]],"o":[[-4.582,-11.926],[-15.913,-6.063]],"v":[[-10.91,-30.369],[-32.839,-56.375]],"c":false},"ix":2},"nm":"Path 1","mn":"ADBE Vector Shape - Group","hd":false},{"ty":"st","c":{"a":0,"k":[0.243137000589,0.145097994337,0.698038976333,1],"ix":3},"o":{"a":0,"k":100,"ix":4},"w":{"a":0,"k":2,"ix":5},"lc":1,"lj":1,"ml":4,"ml2":{"a":0,"k":4,"ix":8},"bm":0,"nm":"Stroke 1","mn":"ADBE Vector Graphic - Stroke","hd":false},{"ty":"fl","c":{"a":0,"k":[0.243137000589,0.145097994337,0.698038976333,1],"ix":4},"o":{"a":0,"k":100,"ix":5},"r":1,"bm":0,"nm":"Fill 1","mn":"ADBE Vector Graphic - Fill","hd":true},{"ty":"tr","p":{"a":0,"k":[0,0],"ix":2},"a":{"a":0,"k":[0,0],"ix":1},"s":{"a":0,"k":[100,100],"ix":3},"r":{"a":0,"k":0,"ix":6},"o":{"a":0,"k":100,"ix":7},"sk":{"a":0,"k":0,"ix":4},"sa":{"a":0,"k":0,"ix":5},"nm":"Transform"}],"nm":"Shape 1","np":3,"cix":2,"bm":0,"ix":1,"mn":"ADBE Vector Group","hd":false},{"ty":"tm","s":{"a":1,"k":[{"i":{"x":[0],"y":[1]},"o":{"x":[0.333],"y":[0]},"n":["0_1_0p333_0"],"t":35.004,"s":[0],"e":[100]},{"t":48.00390625}],"ix":1},"e":{"a":1,"k":[{"i":{"x":[0],"y":[1]},"o":{"x":[0.333],"y":[0]},"n":["0_1_0p333_0"],"t":32,"s":[0],"e":[100]},{"t":45}],"ix":2},"o":{"a":0,"k":0,"ix":3},"m":1,"ix":2,"nm":"Trim Paths 1","mn":"ADBE Vector Filter - Trim","hd":false}],"ip":32,"op":242,"st":32,"bm":0},{"ddd":0,"ind":11,"ty":4,"nm":"Group 10","sr":1,"ks":{"o":{"a":0,"k":100,"ix":11},"r":{"a":0,"k":0,"ix":10},"p":{"a":1,"k":[{"i":{"x":0.168,"y":1},"o":{"x":0.333,"y":0},"n":"0p168_1_0p333_0","t":42,"s":[415.748,313.571,0],"e":[397.844,236.737,0],"to":[-0.86668944358826,-67.4270935058594,0],"ti":[2.40151715278625,-0.70076245069504,0]},{"i":{"x":0.667,"y":1},"o":{"x":0.963,"y":0},"n":"0p667_1_0p963_0","t":65,"s":[397.844,236.737,0],"e":[401.339,317.776,0],"to":[-2.40151715278625,0.70076245069504,0],"ti":[-1.01956558227539,-17.7965450286865,0]},{"t":82}],"ix":2},"a":{"a":0,"k":[1482.162,280.76,0],"ix":1},"s":{"a":0,"k":[100,100,100],"ix":6}},"ao":0,"shapes":[{"ty":"gr","it":[{"ind":0,"ty":"sh","ix":1,"ks":{"a":0,"k":{"i":[[0,0],[7.337,7.338],[0,0]],"o":[[6.327,-6.327],[0,0],[0,0]],"v":[[3.479,12.371],[1.65,-12.371],[-9.806,-0.914]],"c":true},"ix":2},"nm":"Path 1","mn":"ADBE Vector Shape - Group","hd":false},{"ty":"fl","c":{"a":0,"k":[1,0.882000014361,0.638999968884,1],"ix":4},"o":{"a":0,"k":100,"ix":5},"r":1,"bm":0,"nm":"Fill 1","mn":"ADBE Vector Graphic - Fill","hd":false},{"ty":"tr","p":{"a":0,"k":[1483.197,280.76],"ix":2},"a":{"a":0,"k":[0,0],"ix":1},"s":{"a":0,"k":[100,100],"ix":3},"r":{"a":0,"k":0,"ix":6},"o":{"a":0,"k":100,"ix":7},"sk":{"a":0,"k":0,"ix":4},"sa":{"a":0,"k":0,"ix":5},"nm":"Transform"}],"nm":"Group 10","np":2,"cix":2,"bm":0,"ix":1,"mn":"ADBE Vector Group","hd":false}],"ip":42,"op":218,"st":8,"bm":0},{"ddd":0,"ind":12,"ty":4,"nm":"Group 5","sr":1,"ks":{"o":{"a":0,"k":100,"ix":11},"r":{"a":0,"k":0,"ix":10},"p":{"a":1,"k":[{"i":{"x":0.155,"y":1},"o":{"x":0.333,"y":0},"n":"0p155_1_0p333_0","t":40,"s":[415.748,313.571,0],"e":[414.335,202.562,0],"to":[-0.6767652630806,-52.6512870788574,0],"ti":[2.40151715278625,-0.70076245069504,0]},{"i":{"x":0.667,"y":1},"o":{"x":0.963,"y":0},"n":"0p667_1_0p963_0","t":65,"s":[414.335,202.562,0],"e":[401.339,317.776,0],"to":[-2.40151715278625,0.70076245069504,0],"ti":[0,0,0]},{"t":83}],"ix":2},"a":{"a":0,"k":[1498.654,246.585,0],"ix":1},"s":{"a":0,"k":[100,100,100],"ix":6}},"ao":0,"shapes":[{"ty":"gr","it":[{"ind":0,"ty":"sh","ix":1,"ks":{"a":0,"k":{"i":[[0,0],[0,0],[5.025,6.129]],"o":[[0,0],[5.025,-6.129],[0,0]],"v":[[-6.486,0],[4.091,10.578],[4.091,-10.576]],"c":true},"ix":2},"nm":"Path 1","mn":"ADBE Vector Shape - Group","hd":false},{"ind":1,"ty":"sh","ix":2,"ks":{"a":0,"k":{"i":[[0,0],[0,0],[0,0],[0,0],[7.802,-7.803]],"o":[[0,0],[0,0],[0,0],[7.802,7.804],[0,0]],"v":[[4.149,15.324],[-11.175,0],[4.149,-15.323],[5.321,-14.151],[5.321,14.151]],"c":true},"ix":2},"nm":"Path 2","mn":"ADBE Vector Shape - Group","hd":false},{"ty":"mm","mm":1,"nm":"Merge Paths 1","mn":"ADBE Vector Filter - Merge","hd":false},{"ty":"mm","mm":4,"nm":"Merge Paths 2","mn":"ADBE Vector Filter - Merge","hd":false},{"ty":"fl","c":{"a":0,"k":[0.270999983245,0.097999999102,0.722000002394,1],"ix":4},"o":{"a":0,"k":100,"ix":5},"r":1,"bm":0,"nm":"Fill 1","mn":"ADBE Vector Graphic - Fill","hd":false},{"ty":"tr","p":{"a":0,"k":[1498.655,246.585],"ix":2},"a":{"a":0,"k":[0,0],"ix":1},"s":{"a":0,"k":[100,100],"ix":3},"r":{"a":0,"k":0,"ix":6},"o":{"a":0,"k":30,"ix":7},"sk":{"a":0,"k":0,"ix":4},"sa":{"a":0,"k":0,"ix":5},"nm":"Transform"}],"nm":"Group 5","np":5,"cix":2,"bm":0,"ix":1,"mn":"ADBE Vector Group","hd":false}],"ip":40,"op":219,"st":9,"bm":0},{"ddd":0,"ind":13,"ty":4,"nm":"Group 8","sr":1,"ks":{"o":{"a":0,"k":100,"ix":11},"r":{"a":0,"k":0,"ix":10},"p":{"a":1,"k":[{"i":{"x":0.149,"y":1},"o":{"x":0.333,"y":0},"n":"0p149_1_0p333_0","t":39,"s":[415.748,313.571,0],"e":[375.304,199.053,0],"to":[-0.83850365877151,-65.2342834472656,0],"ti":[2.40151715278625,-0.70076245069504,0]},{"i":{"x":0.667,"y":1},"o":{"x":0.963,"y":0},"n":"0p667_1_0p963_0","t":65,"s":[375.304,199.053,0],"e":[401.339,317.776,0],"to":[-2.40151715278625,0.70076245069504,0],"ti":[-2.40688323974609,-24.032600402832,0]},{"t":84}],"ix":2},"a":{"a":0,"k":[1459.622,243.076,0],"ix":1},"s":{"a":0,"k":[100,100,100],"ix":6}},"ao":0,"shapes":[{"ty":"gr","it":[{"ind":0,"ty":"sh","ix":1,"ks":{"a":0,"k":{"i":[[-5.075,5.014],[5.565,5.631],[0,0]],"o":[[5.075,-5.014],[0,0],[5.564,5.631]],"v":[[7.854,7.91],[6.968,-11.366],[-11.41,6.793]],"c":true},"ix":2},"nm":"Path 1","mn":"ADBE Vector Shape - Group","hd":false},{"ty":"mm","mm":4,"nm":"Merge Paths 1","mn":"ADBE Vector Filter - Merge","hd":false},{"ty":"fl","c":{"a":0,"k":[0.270999983245,0.097999999102,0.722000002394,1],"ix":4},"o":{"a":0,"k":100,"ix":5},"r":1,"bm":0,"nm":"Fill 1","mn":"ADBE Vector Graphic - Fill","hd":false},{"ty":"tr","p":{"a":0,"k":[1459.62,243.076],"ix":2},"a":{"a":0,"k":[0,0],"ix":1},"s":{"a":0,"k":[100,100],"ix":3},"r":{"a":0,"k":0,"ix":6},"o":{"a":0,"k":50,"ix":7},"sk":{"a":0,"k":0,"ix":4},"sa":{"a":0,"k":0,"ix":5},"nm":"Transform"}],"nm":"Group 8","np":3,"cix":2,"bm":0,"ix":1,"mn":"ADBE Vector Group","hd":false}],"ip":39,"op":218,"st":8,"bm":0},{"ddd":0,"ind":14,"ty":4,"nm":"Group 13","sr":1,"ks":{"o":{"a":0,"k":100,"ix":11},"r":{"a":0,"k":0,"ix":10},"p":{"a":1,"k":[{"i":{"x":0.138,"y":1},"o":{"x":0.333,"y":0},"n":"0p138_1_0p333_0","t":37,"s":[415.748,313.571,0],"e":[358.43,171.569,0],"to":[-0.81003457307816,-63.0194358825684,0],"ti":[5.40151739120483,-0.53409576416016,0]},{"i":{"x":0.667,"y":1},"o":{"x":0.963,"y":0},"n":"0p667_1_0p963_0","t":65,"s":[358.43,171.569,0],"e":[383.339,316.776,0],"to":[-5.40151739120483,0.53409576416016,0],"ti":[1.37329888343811,-54.3013458251953,0]},{"t":88}],"ix":2},"a":{"a":0,"k":[1442.748,215.592,0],"ix":1},"s":{"a":0,"k":[100,100,100],"ix":6}},"ao":0,"shapes":[{"ty":"gr","it":[{"ty":"gr","it":[{"ind":0,"ty":"sh","ix":1,"ks":{"a":0,"k":{"i":[[0,0],[0,0],[0,0],[0,0]],"o":[[0,0],[0,0],[0,0],[0,0]],"v":[[7.168,4.536],[-8.232,-2.044],[-7.167,-4.536],[8.232,2.044]],"c":true},"ix":2},"nm":"Path 1","mn":"ADBE Vector Shape - Group","hd":false},{"ty":"mm","mm":4,"nm":"Merge Paths 1","mn":"ADBE Vector Filter - Merge","hd":false},{"ty":"fl","c":{"a":0,"k":[0.270999983245,0.097999999102,0.722000002394,1],"ix":4},"o":{"a":0,"k":100,"ix":5},"r":1,"bm":0,"nm":"Fill 1","mn":"ADBE Vector Graphic - Fill","hd":false},{"ty":"tr","p":{"a":0,"k":[1436.246,222.068],"ix":2},"a":{"a":0,"k":[0,0],"ix":1},"s":{"a":0,"k":[100,100],"ix":3},"r":{"a":0,"k":0,"ix":6},"o":{"a":0,"k":100,"ix":7},"sk":{"a":0,"k":0,"ix":4},"sa":{"a":0,"k":0,"ix":5},"nm":"Transform"}],"nm":"Group 1","np":3,"cix":2,"bm":0,"ix":1,"mn":"ADBE Vector Group","hd":false},{"ty":"gr","it":[{"ty":"fl","c":{"a":0,"k":[0.270999983245,0.097999999102,0.722000002394,1],"ix":4},"o":{"a":0,"k":100,"ix":5},"r":1,"bm":0,"nm":"Fill 1","mn":"ADBE Vector Graphic - Fill","hd":false},{"ty":"tr","p":{"a":0,"k":[1442.682,217.341],"ix":2},"a":{"a":0,"k":[0,0],"ix":1},"s":{"a":0,"k":[100,100],"ix":3},"r":{"a":0,"k":0,"ix":6},"o":{"a":0,"k":100,"ix":7},"sk":{"a":0,"k":0,"ix":4},"sa":{"a":0,"k":0,"ix":5},"nm":"Transform"}],"nm":"Group 2","np":3,"cix":2,"bm":0,"ix":2,"mn":"ADBE Vector Group","hd":false},{"ty":"gr","it":[{"ind":0,"ty":"sh","ix":1,"ks":{"a":0,"k":{"i":[[0,0],[0,0],[0,0],[0,0]],"o":[[0,0],[0,0],[0,0],[0,0]],"v":[[10.903,6.132],[-11.965,-3.64],[-10.901,-6.133],[11.968,3.64]],"c":true},"ix":2},"nm":"Path 1","mn":"ADBE Vector Shape - Group","hd":false},{"ty":"mm","mm":4,"nm":"Merge Paths 1","mn":"ADBE Vector Filter - Merge","hd":false},{"ty":"fl","c":{"a":0,"k":[0.270999983245,0.097999999102,0.722000002394,1],"ix":4},"o":{"a":0,"k":100,"ix":5},"r":1,"bm":0,"nm":"Fill 1","mn":"ADBE Vector Graphic - Fill","hd":false},{"ty":"tr","p":{"a":0,"k":[1445.514,210.712],"ix":2},"a":{"a":0,"k":[0,0],"ix":1},"s":{"a":0,"k":[100,100],"ix":3},"r":{"a":0,"k":0,"ix":6},"o":{"a":0,"k":100,"ix":7},"sk":{"a":0,"k":0,"ix":4},"sa":{"a":0,"k":0,"ix":5},"nm":"Transform"}],"nm":"Group 3","np":3,"cix":2,"bm":0,"ix":3,"mn":"ADBE Vector Group","hd":false},{"ty":"tr","p":{"a":0,"k":[1442.748,215.592],"ix":2},"a":{"a":0,"k":[1442.748,215.592],"ix":1},"s":{"a":0,"k":[100,100],"ix":3},"r":{"a":0,"k":0,"ix":6},"o":{"a":0,"k":100,"ix":7},"sk":{"a":0,"k":0,"ix":4},"sa":{"a":0,"k":0,"ix":5},"nm":"Transform"}],"nm":"Group 13","np":3,"cix":2,"bm":0,"ix":1,"mn":"ADBE Vector Group","hd":false}],"ip":37,"op":219,"st":9,"bm":0},{"ddd":0,"ind":15,"ty":4,"nm":"Group 6","sr":1,"ks":{"o":{"a":0,"k":100,"ix":11},"r":{"a":0,"k":0,"ix":10},"p":{"a":1,"k":[{"i":{"x":0.134,"y":1},"o":{"x":0.333,"y":0},"n":"0p134_1_0p333_0","t":36,"s":[415.748,313.571,0],"e":[399.746,168.498,0],"to":[-0.60132741928101,-46.7823371887207,0],"ti":[2.40151715278625,-0.70076245069504,0]},{"i":{"x":0.667,"y":1},"o":{"x":0.963,"y":0},"n":"0p667_1_0p963_0","t":65,"s":[399.746,168.498,0],"e":[401.339,317.776,0],"to":[-2.40151715278625,0.70076245069504,0],"ti":[0,0,0]},{"t":86}],"ix":2},"a":{"a":0,"k":[1484.064,212.521,0],"ix":1},"s":{"a":0,"k":[100,100,100],"ix":6}},"ao":0,"shapes":[{"ty":"gr","it":[{"ind":0,"ty":"sh","ix":1,"ks":{"a":0,"k":{"i":[[0,-4.511],[4.512,0],[0,4.511],[-4.511,0]],"o":[[0,4.511],[-4.511,0],[0,-4.511],[4.512,0]],"v":[[8.168,0],[0,8.168],[-8.168,0],[0,-8.168]],"c":true},"ix":2},"nm":"Path 1","mn":"ADBE Vector Shape - Group","hd":false},{"ty":"fl","c":{"a":0,"k":[0.270999983245,0.097999999102,0.722000002394,1],"ix":4},"o":{"a":0,"k":100,"ix":5},"r":1,"bm":0,"nm":"Fill 1","mn":"ADBE Vector Graphic - Fill","hd":false},{"ty":"tr","p":{"a":0,"k":[1484.064,212.521],"ix":2},"a":{"a":0,"k":[0,0],"ix":1},"s":{"a":0,"k":[100,100],"ix":3},"r":{"a":0,"k":0,"ix":6},"o":{"a":0,"k":100,"ix":7},"sk":{"a":0,"k":0,"ix":4},"sa":{"a":0,"k":0,"ix":5},"nm":"Transform"}],"nm":"Group 6","np":2,"cix":2,"bm":0,"ix":1,"mn":"ADBE Vector Group","hd":false}],"ip":36,"op":218,"st":8,"bm":0},{"ddd":0,"ind":16,"ty":4,"nm":"Group 12","sr":1,"ks":{"o":{"a":0,"k":100,"ix":11},"r":{"a":0,"k":0,"ix":10},"p":{"a":1,"k":[{"i":{"x":0.129,"y":1},"o":{"x":0.333,"y":0},"n":"0p129_1_0p333_0","t":35,"s":[415.748,313.571,0],"e":[444.92,170.034,0],"to":[-0.76801580190659,-59.7504348754883,0],"ti":[2.40151715278625,-0.70076245069504,0]},{"i":{"x":0.667,"y":1},"o":{"x":0.963,"y":0},"n":"0p667_1_0p963_0","t":65,"s":[444.92,170.034,0],"e":[401.339,317.776,0],"to":[-2.40151715278625,0.70076245069504,0],"ti":[-0.13018967211246,-32.7857856750488,0]},{"t":87}],"ix":2},"a":{"a":0,"k":[1529.238,214.056,0],"ix":1},"s":{"a":0,"k":[100,100,100],"ix":6}},"ao":0,"shapes":[{"ty":"gr","it":[{"ind":0,"ty":"sh","ix":1,"ks":{"a":0,"k":{"i":[[0,0],[0,0],[0,0]],"o":[[0,0],[0,0],[0,0]],"v":[[-10.879,-11.025],[-5.559,11.025],[10.878,-4.607]],"c":true},"ix":2},"nm":"Path 1","mn":"ADBE Vector Shape - Group","hd":false},{"ty":"mm","mm":4,"nm":"Merge Paths 1","mn":"ADBE Vector Filter - Merge","hd":false},{"ty":"fl","c":{"a":0,"k":[0.270999983245,0.097999999102,0.722000002394,1],"ix":4},"o":{"a":0,"k":100,"ix":5},"r":1,"bm":0,"nm":"Fill 1","mn":"ADBE Vector Graphic - Fill","hd":false},{"ty":"tr","p":{"a":0,"k":[1529.238,214.056],"ix":2},"a":{"a":0,"k":[0,0],"ix":1},"s":{"a":0,"k":[100,100],"ix":3},"r":{"a":0,"k":0,"ix":6},"o":{"a":0,"k":50,"ix":7},"sk":{"a":0,"k":0,"ix":4},"sa":{"a":0,"k":0,"ix":5},"nm":"Transform"}],"nm":"Group 12","np":3,"cix":2,"bm":0,"ix":1,"mn":"ADBE Vector Group","hd":false}],"ip":35,"op":217,"st":7,"bm":0},{"ddd":0,"ind":17,"ty":4,"nm":"Group 4","sr":1,"ks":{"o":{"a":0,"k":100,"ix":11},"r":{"a":1,"k":[{"i":{"x":[0.12],"y":[1]},"o":{"x":[0.333],"y":[0]},"n":["0p12_1_0p333_0"],"t":33,"s":[-44],"e":[0]},{"i":{"x":[0.667],"y":[1]},"o":{"x":[0.963],"y":[0]},"n":["0p667_1_0p963_0"],"t":65.339,"s":[0],"e":[-8]},{"t":89}],"ix":10},"p":{"a":1,"k":[{"i":{"x":0.121,"y":1},"o":{"x":0.333,"y":0},"n":"0p121_1_0p333_0","t":33,"s":[415.748,313.571,0],"e":[420.748,132.571,0],"to":[-0.55920743942261,-43.5054702758789,0],"ti":[0,0,0]},{"i":{"x":0.667,"y":1},"o":{"x":0.963,"y":0},"n":"0p667_1_0p963_0","t":65,"s":[420.748,132.571,0],"e":[401.339,317.776,0],"to":[0,0,0],"ti":[0,0,0]},{"t":88}],"ix":2},"a":{"a":0,"k":[1505.066,176.594,0],"ix":1},"s":{"a":0,"k":[100,100,100],"ix":6}},"ao":0,"shapes":[{"ty":"gr","it":[{"ind":0,"ty":"sh","ix":1,"ks":{"a":0,"k":{"i":[[0,0],[-8.343,8.342],[0,0]],"o":[[8.343,8.342],[0,0],[0,0]],"v":[[-15.106,3.382],[15.106,3.382],[-0.001,-11.724]],"c":true},"ix":2},"nm":"Path 1","mn":"ADBE Vector Shape - Group","hd":false},{"ty":"fl","c":{"a":0,"k":[0.270999983245,0.097999999102,0.722000002394,1],"ix":4},"o":{"a":0,"k":100,"ix":5},"r":1,"bm":0,"nm":"Fill 1","mn":"ADBE Vector Graphic - Fill","hd":false},{"ty":"tr","p":{"a":0,"k":[1505.066,177.637],"ix":2},"a":{"a":0,"k":[0,0],"ix":1},"s":{"a":0,"k":[100,100],"ix":3},"r":{"a":0,"k":0,"ix":6},"o":{"a":0,"k":100,"ix":7},"sk":{"a":0,"k":0,"ix":4},"sa":{"a":0,"k":0,"ix":5},"nm":"Transform"}],"nm":"Group 4","np":2,"cix":2,"bm":0,"ix":1,"mn":"ADBE Vector Group","hd":false}],"ip":33,"op":217,"st":7,"bm":0},{"ddd":0,"ind":18,"ty":4,"nm":"Group 7","sr":1,"ks":{"o":{"a":0,"k":100,"ix":11},"r":{"a":0,"k":0,"ix":10},"p":{"a":1,"k":[{"i":{"x":0.125,"y":1},"o":{"x":0.333,"y":0},"n":"0p125_1_0p333_0","t":34,"s":[415.748,313.571,0],"e":[467.164,147.397,0],"to":[-0.65436518192291,-50.9085960388184,0],"ti":[2.40151715278625,-0.70076245069504,0]},{"i":{"x":0.667,"y":1},"o":{"x":0.963,"y":0},"n":"0p667_1_0p963_0","t":65,"s":[467.164,147.397,0],"e":[401.339,317.776,0],"to":[-2.40151715278625,0.70076245069504,0],"ti":[-0.39881053566933,-45.308765411377,0]},{"t":90}],"ix":2},"a":{"a":0,"k":[1551.483,191.42,0],"ix":1},"s":{"a":0,"k":[100,100,100],"ix":6}},"ao":0,"shapes":[{"ty":"gr","it":[{"ind":0,"ty":"sh","ix":1,"ks":{"a":0,"k":{"i":[[5.015,5.075],[5.63,-5.564],[0,0]],"o":[[-5.015,-5.075],[0,0],[5.632,-5.564]],"v":[[7.907,-7.851],[-11.368,-6.966],[6.79,11.413]],"c":true},"ix":2},"nm":"Path 1","mn":"ADBE Vector Shape - Group","hd":false},{"ty":"mm","mm":4,"nm":"Merge Paths 1","mn":"ADBE Vector Filter - Merge","hd":false},{"ty":"fl","c":{"a":0,"k":[0.270999983245,0.097999999102,0.722000002394,1],"ix":4},"o":{"a":0,"k":100,"ix":5},"r":1,"bm":0,"nm":"Fill 1","mn":"ADBE Vector Graphic - Fill","hd":false},{"ty":"tr","p":{"a":0,"k":[1551.485,191.419],"ix":2},"a":{"a":0,"k":[0,0],"ix":1},"s":{"a":0,"k":[100,100],"ix":3},"r":{"a":0,"k":0,"ix":6},"o":{"a":0,"k":50,"ix":7},"sk":{"a":0,"k":0,"ix":4},"sa":{"a":0,"k":0,"ix":5},"nm":"Transform"}],"nm":"Group 7","np":3,"cix":2,"bm":0,"ix":1,"mn":"ADBE Vector Group","hd":false}],"ip":34,"op":218,"st":8,"bm":0},{"ddd":0,"ind":19,"ty":4,"nm":"Group 9","sr":1,"ks":{"o":{"a":0,"k":100,"ix":11},"r":{"a":0,"k":0,"ix":10},"p":{"a":1,"k":[{"i":{"x":0.117,"y":1},"o":{"x":0.333,"y":0},"n":"0p117_1_0p333_0","t":32,"s":[415.748,313.571,0],"e":[375.663,137.363,0],"to":[-0.56254333257675,-43.7649993896484,0],"ti":[2.40151715278625,-0.70076245069504,0]},{"i":{"x":0.667,"y":1},"o":{"x":0.963,"y":0},"n":"0p667_1_0p963_0","t":65,"s":[375.663,137.363,0],"e":[401.339,317.776,0],"to":[-2.40151715278625,0.70076245069504,0],"ti":[0.08861938863993,-55.0659599304199,0]},{"t":91}],"ix":2},"a":{"a":0,"k":[1459.981,181.386,0],"ix":1},"s":{"a":0,"k":[100,100,100],"ix":6}},"ao":0,"shapes":[{"ty":"gr","it":[{"ind":0,"ty":"sh","ix":1,"ks":{"a":0,"k":{"i":[[4.619,0],[0,-4.618],[-4.619,0],[0,4.619]],"o":[[-4.619,0],[0,4.619],[4.619,0],[0,-4.618]],"v":[[0.001,-8.377],[-8.376,-0.001],[0.001,8.376],[8.378,-0.001]],"c":true},"ix":2},"nm":"Path 1","mn":"ADBE Vector Shape - Group","hd":false},{"ind":1,"ty":"sh","ix":2,"ks":{"a":0,"k":{"i":[[6.447,0],[0,6.447],[-6.447,0],[0,-6.446]],"o":[[-6.447,0],[0,-6.446],[6.447,0],[0,6.447]],"v":[[0.001,11.691],[-11.69,-0.001],[0.001,-11.691],[11.692,-0.001]],"c":true},"ix":2},"nm":"Path 2","mn":"ADBE Vector Shape - Group","hd":false},{"ty":"mm","mm":1,"nm":"Merge Paths 1","mn":"ADBE Vector Filter - Merge","hd":false},{"ty":"mm","mm":4,"nm":"Merge Paths 2","mn":"ADBE Vector Filter - Merge","hd":false},{"ty":"fl","c":{"a":0,"k":[0.270999983245,0.097999999102,0.722000002394,1],"ix":4},"o":{"a":0,"k":100,"ix":5},"r":1,"bm":0,"nm":"Fill 1","mn":"ADBE Vector Graphic - Fill","hd":false},{"ty":"tr","p":{"a":0,"k":[1459.98,181.386],"ix":2},"a":{"a":0,"k":[0,0],"ix":1},"s":{"a":0,"k":[100,100],"ix":3},"r":{"a":0,"k":0,"ix":6},"o":{"a":0,"k":30,"ix":7},"sk":{"a":0,"k":0,"ix":4},"sa":{"a":0,"k":0,"ix":5},"nm":"Transform"}],"nm":"Group 9","np":5,"cix":2,"bm":0,"ix":1,"mn":"ADBE Vector Group","hd":false}],"ip":32,"op":216,"st":6,"bm":0},{"ddd":0,"ind":20,"ty":4,"nm":"Group 11","sr":1,"ks":{"o":{"a":0,"k":100,"ix":11},"r":{"a":0,"k":0,"ix":10},"p":{"a":1,"k":[{"i":{"x":0.114,"y":1},"o":{"x":0.333,"y":0},"n":"0p114_1_0p333_0","t":31,"s":[415.748,313.571,0],"e":[323.695,147.397,0],"to":[-0.52373296022415,-40.7456130981445,0],"ti":[2.40151715278625,-0.70076245069504,0]},{"i":{"x":0.667,"y":1},"o":{"x":0.963,"y":0},"n":"0p667_1_0p963_0","t":65,"s":[323.695,147.397,0],"e":[401.339,317.776,0],"to":[-2.40151715278625,0.70076245069504,0],"ti":[-6.28911304473877,-74.4320297241211,0]},{"t":92}],"ix":2},"a":{"a":0,"k":[1408.014,191.42,0],"ix":1},"s":{"a":0,"k":[100,100,100],"ix":6}},"ao":0,"shapes":[{"ty":"gr","it":[{"ind":0,"ty":"sh","ix":1,"ks":{"a":0,"k":{"i":[[0,0],[-9.479,-9.478],[0,0]],"o":[[-9.479,9.479],[0,0],[0,0]],"v":[[-3.842,-17.162],[-3.842,17.162],[13.32,0]],"c":true},"ix":2},"nm":"Path 1","mn":"ADBE Vector Shape - Group","hd":false},{"ty":"fl","c":{"a":0,"k":[1,0.882000014361,0.638999968884,1],"ix":4},"o":{"a":0,"k":100,"ix":5},"r":1,"bm":0,"nm":"Fill 1","mn":"ADBE Vector Graphic - Fill","hd":false},{"ty":"tr","p":{"a":0,"k":[1406.829,191.42],"ix":2},"a":{"a":0,"k":[0,0],"ix":1},"s":{"a":0,"k":[100,100],"ix":3},"r":{"a":0,"k":0,"ix":6},"o":{"a":0,"k":100,"ix":7},"sk":{"a":0,"k":0,"ix":4},"sa":{"a":0,"k":0,"ix":5},"nm":"Transform"}],"nm":"Group 11","np":2,"cix":2,"bm":0,"ix":1,"mn":"ADBE Vector Group","hd":false}],"ip":31,"op":215,"st":5,"bm":0}],"markers":[{"tm":101,"cm":"","dr":0}]}